Cafe Botanica,   Karışık Pizza, FATİH, 5, çok taze ve güzeldi.
Cafe Botanica,   Karışık Pizza, enes, 4,  Gayet güzel.
Cafe Botanica,   Karışık Pizza, BİRSEN, 4, Tavsiye ederim.
Cafe Botanica,   Zeytinli Pizza, FATİH, 4, Tavsiye ederim.
Cafe Botanica,   Zeytinli Pizza, BURCU, 1, Rezalet, Çok kötü
Cafe Botanica,   Zeytinli Pizza, enes, 5, çok taze ve güzeldi.
Cafe Botanica,   Zeytinli Pizza, BARIŞ, 1,  Tuz oranı azaltılmalı.
Cafe Botanica,   Zeytinli Pizza, seyma, 5,  Çok lezzetliydi ve porsiyon boldu.
Cafe Botanica,   Dil Peynirli Pizza, enes, 5, Süperdi bayıldım ellerinize sağlık yapan arkadaş çok güzel yapmış.
Cafe Botanica,   Dil Peynirli Pizza, BAŞAK, 2, Guzel sayilir.
Cafe Botanica,   Dil Peynirli Pizza, EBRU, 5, Herşey çok lezzetliydi ellerinize sağlık.
Cafe Botanica,   Dürüm, enes,5, Dürüm de soslar da çok güzeldi.
Cafe Botanica,   Dürüm, erdem, 2, Guzel sayilir.
Cafe Botanica,   Dürüm, seyma, 4, Lezzet ve kalite harika.
Cafe Botanica,   Hamburger, EVRİM, 4,  taze ve çok lezzetliydi
Cafe Botanica,   Hamburger, FATİH, 4, Ellerinize sağlık.
Cafe Botanica,   Hamburger, enes, 4, Lezzet beklentimin üstündeydi. Memnun kaldım.
Cafe Botanica,   Hamburger, EBRU, 1, Çöpe atmak zorunda kaldık
Cafe Botanica,   Frambuazlı Cheesecake, erdem, 3, Fiyat/performans hoşuma gitmedi.
Cafe Botanica,   Frambuazlı Cheesecake, başak, 3, Fena değil.
Cafe Botanica,   Frambuazlı Cheesecake, enes, 4, Gayet başarılı.
Cafe Botanica,   Alman Pastası, enes, 4, Lezzet beklentimin üstündeydi. Memnun kaldım.
Cafe Botanica,   Alman Pastası, BURCU, 5,  Çok lezzetliydi ve porsiyon boldu.
Cafe Botanica,   Alman Pastası, EVRİM, 5, Guzel sayilir.
Cafe Botanica,   Alman Pastası, BAŞAK, 3, Fena değil.
Cafe Botanica,   Havuçlu Kek, EVRİM, 3,  Eskiden tadi daha iyiydi.
Cafe Botanica,   Havuçlu Kek, BARIŞ, 5, Çok güzeldi.
Cafe Botanica,   Havuçlu Kek, BAŞAK, 5,  Çok lezzetliydi ve porsiyon boldu.
Cafe Botanica,   Brownie, erdem, 4,  Gayet güzel.
Cafe Botanica,   Brownie, enes, 1, Çok geç geldi
Cafe Botanica,   Brownie, EBRU, 4, Ankaranın en iyisi.
Cafe Botanica,   Brownie, seyma, 4, Lezzet ve kalite harika.
Cafe Botanica,   Magnolia, EVRİM, 1, Rezalet, Çok kötü
Cafe Botanica,   Magnolia, BİRSEN, 1, Aşırı yağlı.
Cafe Botanica,   Magnolia, BAŞAK, 4, Ankaranın en iyisi.
Cafe Botanica,   Magnolia, BARIŞ, 5, Mukemmel hizmet.
Cafe Botanica,   Portakal Suyu, EBRU, 2, çok yağlıydı
Cafe Botanica,   Portakal Suyu, BİRSEN, 5, Buz gibiydi.
Cafe Botanica,   Limonata, BARIŞ, 4, Gayet başarılı.
Cafe Botanica,   Limonata, FATİH, 1, Çok kuruydu
Cafe Botanica,   Limonata, EBRU, 3, tadı hiç güzel değildi, midemi bozdu.
Cafe Botanica,   Türk Kahvesi, EBRU, 3, Fiyat performans.
Cafe Botanica,   Türk Kahvesi, BİRSEN, 4,  taze ve çok lezzetliydi
Çukurağa Sofrası,  İskender, BAŞAK, 5, Güzeldi.
Çukurağa Sofrası,  İskender, enes, 1,  kötüydü yiyemedik.
Çukurağa Sofrası,  İskender, BİRSEN, 4, Gayet başarılı.
Çukurağa Sofrası,  İskender, seyma, 4, Tavsiye ederim.
Çukurağa Sofrası,  İskender, EBRU, 4, iyiydi
Çukurağa Sofrası,  İnegöl Köfte, BAŞAK, 5, Ellerinize sağlık.
Çukurağa Sofrası,  İnegöl Köfte, FATİH, 1, Çöpe atmak zorunda kaldık
Çukurağa Sofrası,  İnegöl Köfte, seyma, 2, çok yağlıydı
Çukurağa Sofrası,  İnegöl Köfte, BURCU, 5, Herşey çok güzeldi ellerinize sağlık.
Çukurağa Sofrası,  Kuru Fasulye, FATİH, 4, Müko.
Çukurağa Sofrası,  Kuru Fasulye, seyma, 3,  pek lezletli değildi
Çukurağa Sofrası,  Kuru Fasulye, EBRU, 4, Gayet başarılı.
Çukurağa Sofrası,  Özbek Pilavı, BURCU, 4, Bütün lezzetler harikaydı diyebilirim.
Çukurağa Sofrası,  Özbek Pilavı, seyma, 4, tadı görseli paketlemesi iyiydi.
Çukurağa Sofrası,  Özbek Pilavı, EVRİM, 5, Çok başarılı, hızlı servis ve lezzetli. Tavsiye ediyorum.
Çukurağa Sofrası,  Özbek Pilavı, BARIŞ, 3, Beğenmedik.
Çukurağa Sofrası,  Özbek Pilavı, BAŞAK, 2, Guzel sayilir.
Çukurağa Sofrası,  Etli Ravioli, BAŞAK, 3, Fena değil.
Çukurağa Sofrası,  Etli Ravioli, FATİH, 2, Beğenmedim özensizdi...
Çukurağa Sofrası,  Etli Ravioli, BARIŞ, 4, iyiydi
Çukurağa Sofrası,  Etli Patates, enes, 4, Lezzet ve kalite harika.
Çukurağa Sofrası,  Etli Patates, BAŞAK, 3, bence pek başarılı değil.
Çukurağa Sofrası,  Etli Patates, seyma, 5, Süperdi bayıldım ellerinize sağlık yapan arkadaş çok güzel yapmış.
Çukurağa Sofrası,  Dürüm, FATİH, 3, Fena değil.
Çukurağa Sofrası,  Dürüm, BAŞAK, 5, Çok başarılı, hızlı servis ve lezzetli. Tavsiye ediyorum.
Çukurağa Sofrası,  Dürüm, enes, 5, Güzeldi.
Çukurağa Sofrası,  Dürüm, BARIŞ, 4, Müko.
Çukurağa Sofrası,  Dana Rosto, BAŞAK, 2, hiç güzel değildi.
Çukurağa Sofrası,  Dana Rosto, erdem, 4, Gayet başarılı.
Çukurağa Sofrası,  Dana Rosto, EBRU, 3,  Eskiden tadi daha iyiydi.
Çukurağa Sofrası,  Nohut Köftesi, erdem, 1, Çok geç geldi
Çukurağa Sofrası,  Nohut Köftesi, FATİH, 3, Sıcak geldi
Çukurağa Sofrası,  Nohut Köftesi, EBRU, 4, lezzetli ve hızlıydı teşekkürler.
Çukurağa Sofrası,  Pide, EBRU, 3, Yemek güzeldi
Çukurağa Sofrası,  Pide, BURCU, 2,  Tavsiye etmem.
Çukurağa Sofrası,  Pide, BAŞAK, 5, Süperdi bayıldım ellerinize sağlık yapan arkadaş çok güzel yapmış.
Çukurağa Sofrası,  Tavuk Çorbası, EVRİM, 1, Çok lezzetsizdi
Çukurağa Sofrası,  Tavuk Çorbası, BARIŞ, 2, hiç güzel değildi.
Çukurağa Sofrası,  Tavuk Çorbası, seyma, 2, Eski kalitenizi ariyorum gercekten.
Çukurağa Sofrası,  Sebze Çorbası, FATİH, 5, Süperdi bayıldım ellerinize sağlık yapan arkadaş çok güzel yapmış.
Çukurağa Sofrası,  Sebze Çorbası, EBRU, 2, Eski kalitenizi ariyorum gercekten.
Çukurağa Sofrası,  Sebze Çorbası, BAŞAK, 1, Çok lezzetsizdi
Çukurağa Sofrası,  Yoğurt Çorbası, FATİH, 1, Lezzetsiz ayrıca bir mide ağrısı yaptı sebebini bilmiyorum.
Çukurağa Sofrası,  Yoğurt Çorbası, EBRU, 1, Çok lezzetsizdi
Çukurağa Sofrası,  Yoğurt Çorbası, BARIŞ, 1, Tadı bir garip
Çukurağa Sofrası,  Yoğurt Çorbası, BAŞAK, 5, Herşey çok lezzetliydi ellerinize sağlık.
Çukurağa Sofrası,  Gavurdağı Salatası, FATİH, 3, bence pek başarılı değil.
Çukurağa Sofrası,  Gavurdağı Salatası, BARIŞ, 5, Harika tek kelimeyle.
Çukurağa Sofrası,  Gavurdağı Salatası, BAŞAK, 4, Gayet başarılı.
Çukurağa Sofrası,  Gavurdağı Salatası, EVRİM, 4, Lezzet ve kalite harika.
Çukurağa Sofrası,  Brokoli Salatası, BİRSEN, 4, Oldukça memnun kaldım.
Çukurağa Sofrası,  Brokoli Salatası, EBRU, 4,  Gayet güzel.
Çukurağa Sofrası,  Brokoli Salatası, BURCU, 5, Güzeldi.
Çukurağa Sofrası,  Brokoli Salatası, enes, 3,  pek lezletli değildi
Çukurağa Sofrası,  Revani, FATİH, 4, Oldukça memnun kaldım.
Çukurağa Sofrası,  Revani, EBRU, 3, Fena değil.
Çukurağa Sofrası,  Revani, BİRSEN, 5, Harikaaaaaaa.
Çukurağa Sofrası,  Revani, EVRİM, 4, Lezzet ve kalite harika.
Çukurağa Sofrası,  Revani, BAŞAK, 5, Ellerinize sağlık.
Çukurağa Sofrası,  Tulumba, BAŞAK, 2,  buz gibiydi.
Çukurağa Sofrası,  Tulumba, EBRU, 3, Hiç önermiyorum.
Çukurağa Sofrası,  Tulumba, seyma, 5, Ellerinize sağlık.
Çukurağa Sofrası,  Tulumba, erdem, 4, Lezzet ve kalite harika.
Çukurağa Sofrası,  Şekerpare, BİRSEN, 4, tadı görseli paketlemesi iyiydi.
Çukurağa Sofrası,  Şekerpare, enes, 3, Fiyat/performans hoşuma gitmedi.
Çukurağa Sofrası,  Şekerpare, EVRİM, 1,  yiyemedik, rezillik...
Çukurağa Sofrası,  Cupcake, FATİH, 4, Lezzet beklentimin üstündeydi. Memnun kaldım.
Çukurağa Sofrası,  Cupcake, EBRU, 5, Herşey çok güzeldi ellerinize sağlık.
Çukurağa Sofrası,  Cupcake, BURCU, 3, Sıcak geldi
Çukurağa Sofrası,  Cupcake, BİRSEN, 5, Çok başarılı, hızlı servis ve lezzetli. Tavsiye ediyorum.
Çukurağa Sofrası,  Cupcake, EVRİM, 1, Çok lezzetsizdi
Çukurağa Sofrası,  Ayran, enes, 5, Ellerinize sağlık.
Çukurağa Sofrası,  Ayran, BURCU, 4, Aldığı puanı hakediyor
Çukurağa Sofrası,  Limonata, enes, 3, Beğendim.
Çukurağa Sofrası,  Limonata, BİRSEN, 2, tamamını yiyemedim bile:/
Çukurağa Sofrası,  Limonata, BARIŞ, 4, Bu işi biliyorsunuz.
Çukurağa Sofrası,  Limonata, FATİH, 4, Tavsiye ederim.
Masabaşı Kebapçısı,  İskender, seyma, 5, Çok başarılı, hızlı servis ve lezzetli. Tavsiye ediyorum.
Masabaşı Kebapçısı,  İskender, EVRİM, 4, Ankaranın en iyisi.
Masabaşı Kebapçısı,  İskender, BAŞAK, 3,  Gereksiz fazla pahalı.
Masabaşı Kebapçısı,  İskender, erdem, 1, Aşırı yağlı.
Masabaşı Kebapçısı,  Çipura, BARIŞ, 3,  Eskiden tadi daha iyiydi.
Masabaşı Kebapçısı,  Çipura, BURCU, 2, acımsı bir tat vardı
Masabaşı Kebapçısı,  Çipura, EBRU, 2, acımsı bir tat vardı
Masabaşı Kebapçısı,  Çipura, erdem, 2, Guzel sayilir.
Masabaşı Kebapçısı,  Ratatouille, EBRU, 4, Tavsiye ederim.
Masabaşı Kebapçısı,  Ratatouille, enes, 3, Fena değil.
Masabaşı Kebapçısı,  Ratatouille, EVRİM, 5, Ellerinize sağlık.
Masabaşı Kebapçısı,  Etli Patates, seyma, 2, acımsı bir tat vardı
Masabaşı Kebapçısı,  Etli Patates, EVRİM, 2,  Tekrar sipariş vermem.
Masabaşı Kebapçısı,  Etli Patates, enes, 2, hiç güzel değildi.
Masabaşı Kebapçısı,  Etli Patates, BAŞAK, 5, Ellerinize sağlık.
Masabaşı Kebapçısı,  Etli Patates, BURCU, 2,  Tekrar sipariş vermem.
Masabaşı Kebapçısı,  Dürüm, FATİH, 3, Fiyat performans.
Masabaşı Kebapçısı,  Dürüm, BURCU, 4, lezzetli ve hızlıydı teşekkürler.
Masabaşı Kebapçısı,  Dürüm, seyma, 1, Lezzetsiz ayrıca bir mide ağrısı yaptı sebebini bilmiyorum.
Masabaşı Kebapçısı,  Dürüm, enes, 5, Herşey çok lezzetliydi ellerinize sağlık.
Masabaşı Kebapçısı,  Dürüm, BARIŞ, 2, çok yağlıydı
Masabaşı Kebapçısı,  Dana Rosto, seyma, 5, Mukemmel hizmet.
Masabaşı Kebapçısı,  Dana Rosto, BAŞAK, 3,  pek lezletli değildi
Masabaşı Kebapçısı,  Dana Rosto, enes, 3, bence pek başarılı değil.
Masabaşı Kebapçısı,  Dana Rosto, BARIŞ, 5, Güzeldi.
Masabaşı Kebapçısı,  Dana Rosto, EVRİM, 1, Çöpe atmak zorunda kaldık
Masabaşı Kebapçısı,  Belen Tava, BURCU, 4, Gayet başarılı.
Masabaşı Kebapçısı,  Belen Tava, EBRU, 3, Fena değil.
Masabaşı Kebapçısı,  Belen Tava, BİRSEN, 1, Çok lezzetsizdi
Masabaşı Kebapçısı,  Adana Kebap, seyma, 2, sipariş eksik gelmişti
Masabaşı Kebapçısı,  Adana Kebap, EBRU, 3, Beğendim.
Masabaşı Kebapçısı,  Adana Kebap, BURCU, 2, Tadı berbattı
Masabaşı Kebapçısı,  Pirzola, BAŞAK, 2, çok yağlıydı
Masabaşı Kebapçısı,  Pirzola, FATİH, 2,  buz gibiydi.
Masabaşı Kebapçısı,  Pirzola, seyma, 1, Çok geç geldi
Masabaşı Kebapçısı,  Pide, seyma, 5, Herşey çok güzeldi ellerinize sağlık.
Masabaşı Kebapçısı,  Pide, BAŞAK, 4, Harikaydı.
Masabaşı Kebapçısı,  Pide, erdem, 4, Lezzet beklentimin üstündeydi. Memnun kaldım.
Masabaşı Kebapçısı,  Tavuk Çorbası, FATİH, 5, Mukemmel hizmet.
Masabaşı Kebapçısı,  Tavuk Çorbası, BARIŞ, 3, Fiyat/performans hoşuma gitmedi.
Masabaşı Kebapçısı,  Tavuk Çorbası, EBRU, 4, lezzetli ve hızlıydı teşekkürler.
Masabaşı Kebapçısı,  Tavuk Çorbası, BİRSEN, 3, Fena değil.
Masabaşı Kebapçısı,  Tavuk Çorbası, erdem, 5, Bu son siparişte kalbimi çaldınız
Masabaşı Kebapçısı,  Gavurdağı Salatası, seyma, 4, Harikaydı.
Masabaşı Kebapçısı,  Gavurdağı Salatası, EVRİM, 3, Sıcak geldi
Masabaşı Kebapçısı,  Gavurdağı Salatası, erdem, 2,  buz gibiydi.
Masabaşı Kebapçısı,  Gavurdağı Salatası, BİRSEN, 4, Gayet başarılı.
Masabaşı Kebapçısı,  Havuçlu Nuraniye Salatası, BARIŞ, 3,  Gereksiz fazla pahalı.
Masabaşı Kebapçısı,  Havuçlu Nuraniye Salatası, FATİH, 2, sipariş eksik gelmişti
Masabaşı Kebapçısı,  Havuçlu Nuraniye Salatası, EBRU, 1,  Tuz oranı azaltılmalı.
Masabaşı Kebapçısı,  Revani, EVRİM, 2, Tadı berbattı
Masabaşı Kebapçısı,  Revani, FATİH, 2, sipariş eksik gelmişti
Masabaşı Kebapçısı,  Revani, BARIŞ, 5, Herşey çok güzeldi ellerinize sağlık.
Masabaşı Kebapçısı,  Tulumba, FATİH, 2, sipariş eksik gelmişti
Masabaşı Kebapçısı,  Tulumba, EVRİM, 5, Çok başarılı, hızlı servis ve lezzetli. Tavsiye ediyorum.
Masabaşı Kebapçısı,  Tulumba, BAŞAK, 5, Harikaaaaaaa.
Masabaşı Kebapçısı,  Tulumba, enes, 5, Bu son siparişte kalbimi çaldınız
Masabaşı Kebapçısı,  Şekerpare, BİRSEN, 5, Harikaaaaaaa.
Masabaşı Kebapçısı,  Şekerpare, erdem, 4, Ankaranın en iyisi.
Masabaşı Kebapçısı,  Baklava, EVRİM, 2,  buz gibiydi.
Masabaşı Kebapçısı,  Baklava, BİRSEN, 1,  yiyemedik, rezillik...
Masabaşı Kebapçısı,  Baklava, BARIŞ, 1, Aşırı yağlı.
Masabaşı Kebapçısı,  Baklava, erdem, 3, Hiç önermiyorum.
Masabaşı Kebapçısı,  Baklava, seyma, 5, Çok başarılı, hızlı servis ve lezzetli. Tavsiye ediyorum.
Masabaşı Kebapçısı,  Ayran, BİRSEN, 2,  Tavsiye etmem.
Masabaşı Kebapçısı,  Ayran, enes, 3, bence pek başarılı değil.
Masabaşı Kebapçısı,  Ayran, EBRU, 2, Tadı berbattı
Masabaşı Kebapçısı,  Ayran, BURCU, 1, Çok kuruydu
Cafe Des Cafes,  Karışık Pizza, BARIŞ, 2, tamamını yiyemedim bile:/
Cafe Des Cafes,  Karışık Pizza, FATİH, 2,  Tavsiye etmem.
Cafe Des Cafes,  Karışık Pizza, EBRU, 1, soğuk geldi
Cafe Des Cafes,  Zeytinli Pizza, BURCU, 2,  Tavsiye etmem.
Cafe Des Cafes,  Zeytinli Pizza, EVRİM, 1, Çok lezzetsizdi
Cafe Des Cafes,  Zeytinli Pizza, enes, 5, Çok güzeldi.
Cafe Des Cafes,  Zeytinli Pizza, BARIŞ, 3, Beğenmedik.
Cafe Des Cafes,  Sucuklu Pizza, seyma, 1,  Tuz oranı azaltılmalı.
Cafe Des Cafes,  Sucuklu Pizza, BAŞAK, 4, Oldukça memnun kaldım.
Cafe Des Cafes,  Sucuklu Pizza, EBRU, 1, Lezzet vasatti.
Cafe Des Cafes,  Mantı, BARIŞ, 1, Aşırı yağlı.
Cafe Des Cafes,  Mantı, EVRİM, 5, Çok başarılı, hızlı servis ve lezzetli. Tavsiye ediyorum.
Cafe Des Cafes,  Mantı, BİRSEN, 3, tadı hiç güzel değildi, midemi bozdu.
Cafe Des Cafes,  Mantı, BURCU, 5, Her şeyiyle ef-sa-ne. Daha iyisini henüz yemedim.
Cafe Des Cafes,  Hamburger, erdem, 4, Lezzet ve kalite harika.
Cafe Des Cafes,  Hamburger, BURCU, 3,  Gereksiz fazla pahalı.
Cafe Des Cafes,  Hamburger, EBRU, 3, Fiyat performans.
Cafe Des Cafes,  Hamburger, seyma, 3, Daha iyisi olabilirdi.
Cafe Des Cafes,  Hamburger, BİRSEN, 1, Çok kuruydu
Cafe Des Cafes,  Avokadolu Ton Balıklı Salata, seyma, 5, çok taze ve güzeldi.
Cafe Des Cafes,  Avokadolu Ton Balıklı Salata, enes, 4, Ankaranın en iyisi.
Cafe Des Cafes,  Avokadolu Ton Balıklı Salata, erdem, 5,  Çok lezzetliydi ve porsiyon boldu.
Cafe Des Cafes,  Avokadolu Ton Balıklı Salata, BARIŞ, 3,  pek lezletli değildi
Cafe Des Cafes,  Avokadolu Ton Balıklı Salata, EVRİM, 3, bence pek başarılı değil.
Cafe Des Cafes,  Brokoli Salatası, BARIŞ, 1, Çok kuruydu
Cafe Des Cafes,  Brokoli Salatası, enes, 4,  taze ve çok lezzetliydi
Cafe Des Cafes,  Brokoli Salatası, seyma, 1,  kötüydü yiyemedik.
Cafe Des Cafes,  Brokoli Salatası, BAŞAK, 5, Her şeyiyle ef-sa-ne. Daha iyisini henüz yemedim.
Cafe Des Cafes,  Frambuazlı Cheesecake, enes, 5,  Çok lezzetliydi ve porsiyon boldu.
Cafe Des Cafes,  Frambuazlı Cheesecake, BURCU, 3, Beğendim.
Cafe Des Cafes,  Alman Pastası, EBRU, 1, Kötü
Cafe Des Cafes,  Alman Pastası, EVRİM, 2, Eski kalitenizi ariyorum gercekten.
Cafe Des Cafes,  Alman Pastası, BAŞAK, 4, Lezzet beklentimin üstündeydi. Memnun kaldım.
Cafe Des Cafes,  Alman Pastası, seyma, 3, Fena değil.
Cafe Des Cafes,  Alman Pastası, BARIŞ, 4, Lezzet ve kalite harika.
Cafe Des Cafes,  Havuçlu Kek, BARIŞ, 1, Çok kuruydu
Cafe Des Cafes,  Havuçlu Kek, BİRSEN, 2, Kuruydu ve lezzetsizdi.
Cafe Des Cafes,  Havuçlu Kek, BURCU, 1,  Pişememişti.
Cafe Des Cafes,  Havuçlu Kek, erdem, 2, acımsı bir tat vardı
Cafe Des Cafes,  Kakaolu Islak Kek, EVRİM, 5, Süperdi bayıldım ellerinize sağlık yapan arkadaş çok güzel yapmış.
Cafe Des Cafes,  Kakaolu Islak Kek, enes, 3, Beğenmedik.
Cafe Des Cafes,  Kakaolu Islak Kek, BARIŞ, 2, yenmeyecek kadar kötü
Cafe Des Cafes,  Kakaolu Islak Kek, seyma, 3,  pek lezletli değildi
Cafe Des Cafes,  Kakaolu Islak Kek, BİRSEN, 3, Hiç önermiyorum.
Cafe Des Cafes,  Brownie, BAŞAK, 2, tamamını yiyemedim bile:/
Cafe Des Cafes,  Brownie, FATİH, 3, Beğenmedik.
Cafe Des Cafes,  Brownie, seyma, 3,  Gereksiz fazla pahalı.
Cafe Des Cafes,  Dilim Pasta, BİRSEN, 4, Bütün lezzetler harikaydı diyebilirim.
Cafe Des Cafes,  Dilim Pasta, BURCU, 2,  buz gibiydi.
Cafe Des Cafes,  Dilim Pasta, EBRU, 4, Müko.
Cafe Des Cafes,  Tiramisu, BURCU, 1, Aşırı yağlı.
Cafe Des Cafes,  Tiramisu, erdem, 4, lezzetli ve hızlıydı teşekkürler.
Cafe Des Cafes,  Tiramisu, EBRU, 3, bence pek başarılı değil.
Cafe Des Cafes,  Magnolia, BURCU, 4,  taze ve çok lezzetliydi
Cafe Des Cafes,  Magnolia, EVRİM, 1, Lezzetsiz ayrıca bir mide ağrısı yaptı sebebini bilmiyorum.
Cafe Des Cafes,  Magnolia, BİRSEN, 5, çok taze ve güzeldi.
Cafe Des Cafes,  Sufle, BARIŞ, 4, Gayet başarılı.
Cafe Des Cafes,  Sufle, EBRU, 4, Oldukça memnun kaldım.
Cafe Des Cafes,  Salep, erdem, 5, Çok güzeldi.
Cafe Des Cafes,  Salep, FATİH, 1, Rezalet, Çok kötü
Cafe Des Cafes,  Salep, enes, 4, Gayet başarılı.
Cafe Des Cafes,  Türk Kahvesi, EBRU, 3, Fiyat/performans hoşuma gitmedi.
Cafe Des Cafes,  Türk Kahvesi, BURCU, 1, Çöpe atmak zorunda kaldık
Cafe Des Cafes,  Türk Kahvesi, BİRSEN, 3, Fiyat/performans hoşuma gitmedi.
Cafe Des Cafes,  Türk Kahvesi, seyma, 5, Ellerinize sağlık.
Cafe Des Cafes,  Portakal Suyu, EBRU, 1,  kötüydü yiyemedik.
Cafe Des Cafes,  Portakal Suyu, EVRİM, 2, Kuruydu ve lezzetsizdi.
Cafe Des Cafes,  Portakal Suyu, erdem, 1, Tadı bir garip
Cafe Des Cafes,  Limonata, enes, 4, Lezzet ve kalite harika.
Cafe Des Cafes,  Limonata, EBRU, 4, Müko.
Cafe Des Cafes,  Limonata, erdem, 2, Beğenmedim özensizdi...
Cafe Des Cafes,  Limonata, EVRİM, 3, bence pek başarılı değil.
Cafe Des Cafes,  Limonata, BİRSEN, 1,  kötüydü içemedik.
Trilye,  İskender, BAŞAK, 1, Aşırı yağlı.
Trilye,  İskender, seyma, 2, Kuruydu ve lezzetsizdi.
Trilye,  İskender, erdem, 5,  Çok lezzetliydi ve porsiyon boldu.
Trilye,  İskender, BURCU, 3, Daha iyisi olabilirdi.
Trilye,  İskender, EBRU, 3, Fena değil.
Trilye,  İnegöl Köfte, seyma, 4, Harikaydı.
Trilye,  İnegöl Köfte, erdem, 4, Lezzet beklentimin üstündeydi. Memnun kaldım.
Trilye,  İnegöl Köfte, FATİH, 1, Rezalet, Çok kötü
Trilye,  İnegöl Köfte, BARIŞ, 5, Herşey çok güzeldi ellerinize sağlık.
Trilye,  Özbek Pilavı, BURCU, 3, Fena değil.
Trilye,  Özbek Pilavı, BARIŞ, 1,  Tuz oranı azaltılmalı.
Trilye,  Özbek Pilavı, EBRU, 4, Harikaydı.
Trilye,  Ratatouille, BARIŞ, 4,  Gayet güzel.
Trilye,  Ratatouille, enes, 2, Malesef lezzetsizdi..
Trilye,  Ratatouille, BAŞAK, 1, Çöpe atmak zorunda kaldık
Trilye,  Etli Ravioli, EBRU, 3,  Gereksiz fazla pahalı.
Trilye,  Etli Ravioli, BAŞAK, 3, Beğendim.
Trilye,  Etli Ravioli, EVRİM, 3, Beğenmedik.
Trilye,  Etli Ravioli, seyma, 4, iyiydi
Trilye,  Nohut Köftesi, seyma, 1,  yiyemedik, rezillik...
Trilye,  Nohut Köftesi, BİRSEN, 4, Lezzet ve kalite harika.
Trilye,  Nohut Köftesi, enes, 4, Gayet başarılı.
Trilye,  Adana Kebap, EBRU, 4, Aldığı puanı hakediyor.
Trilye,  Adana Kebap, EVRİM, 4, Harikaydı.
Trilye,  Adana Kebap, enes, 5, Mukemmel hizmet.
Trilye,  Adana Kebap, BİRSEN, 1,  kötüydü yiyemedik.
Trilye,  Adana Kebap, erdem, 2, acımsı bir tat vardı
Trilye,  Mantı, BAŞAK, 5, Harika tek kelimeyle.
Trilye,  Mantı, seyma, 2, hiç güzel değildi.
Trilye,  Pide, EVRİM, 4,  Gayet güzel.
Trilye,  Pide, FATİH, 1,  Tuz oranı azaltılmalı.
Trilye,  Pide, BAŞAK, 1, Rezalet, Çok kötü
Trilye,  Pide, seyma, 5, Mukemmel hizmet.
Trilye,  Pide, enes, 4, Lezzet beklentimin üstündeydi. Memnun kaldım.
Trilye,  Hamsi, BURCU, 1, Tadı bir garip
Trilye,  Hamsi, BİRSEN, 3, Fena değil.
Trilye,  Hamsi, FATİH, 2, çok yağlıydı
Trilye,  Hamsi, BAŞAK, 2, sipariş eksik gelmişti
Trilye,  Hamsi, enes, 5, Bu son siparişte kalbimi çaldınız
Trilye,  Sebze Çorbası, erdem, 1, Çok lezzetsizdi
Trilye,  Sebze Çorbası, BARIŞ, 5, çok taze ve güzeldi.
Trilye,  Sebze Çorbası, FATİH, 4, Tavsiye ederim.
Trilye,  Sebze Çorbası, BAŞAK, 5, Herşey çok lezzetliydi ellerinize sağlık.
Trilye,  Avokadolu Ton Balıklı Salata, FATİH, 1, Kötü
Trilye,  Avokadolu Ton Balıklı Salata, BURCU, 2,  Tavsiye etmem.
Trilye,  Avokadolu Ton Balıklı Salata, erdem, 2, çok yağlıydı
Trilye,  Avokadolu Ton Balıklı Salata, enes, 1, Tadı bir garip
Trilye,  Avokadolu Ton Balıklı Salata, EBRU, 1,  kötüydü yiyemedik.
Trilye,  Brokoli Salatası, BARIŞ, 4, Bütün lezzetler harikaydı diyebilirim.
Trilye,  Brokoli Salatası, BURCU, 5, Herşey çok lezzetliydi ellerinize sağlık.
Trilye,  Brokoli Salatası, erdem, 2, Malesef lezzetsizdi..
Trilye,  Revani, EVRİM, 1, Çok lezzetsizdi
Trilye,  Revani, BARIŞ, 2, acımsı bir tat vardı
Trilye,  Revani, BURCU, 4, iyiydi
Trilye,  Şekerpare, seyma, 1, Çöpe atmak zorunda kaldık
Trilye,  Şekerpare, EBRU, 1, Kötü
Trilye,  Şekerpare, FATİH, 1,  yiyemedik, rezillik...
Trilye,  Şekerpare, erdem, 5, Her şeyiyle ef-sa-ne. Daha iyisini henüz yemedim.
Trilye,  Şekerpare, BARIŞ, 3, Fiyat/performans hoşuma gitmedi.
Trilye,  Cupcake, enes, 1,  yiyemedik, rezillik...
Trilye,  Cupcake, erdem, 1, Çok kuruydu
Trilye,  Cupcake, seyma, 4, Aldığı puanı hakediyor.
Trilye,  Brownie, BARIŞ, 4, Bütün lezzetler harikaydı diyebilirim.
Trilye,  Brownie, BİRSEN, 2, Eski kalitenizi ariyorum gercekten.
Trilye,  Brownie, enes, 5, Efsaneydı
Trilye,  Brownie, FATİH, 5, Ellerinize sağlık.
Trilye,  Brownie, erdem, 5, Harika tek kelimeyle.
Trilye,  Baklava, BURCU, 2, sipariş eksik gelmişti
Trilye,  Baklava, EBRU, 4, Oldukça memnun kaldım.
Trilye,  Baklava, seyma, 5, Çok güzeldi.
Trilye,  Baklava, erdem, 1, Çok geç geldi
Trilye,  Sufle, FATİH, 1, Kötü
Trilye,  Sufle, BAŞAK, 5, Güzeldi.
Trilye,  Sufle, EBRU, 5, Herşey çok güzeldi ellerinize sağlık.
Trilye,  Salep, BURCU, 2, tamamını içemedim bile:/
Trilye,  Salep, BİRSEN, 2, Kuruydu ve lezzetsizdi.
Trilye,  Salep, seyma, 1, Lezzetsiz ayrıca bir mide ağrısı yaptı sebebini bilmiyorum.
Trilye,  Türk Kahvesi, BAŞAK, 3, bence pek başarılı değil.
Trilye,  Türk Kahvesi, BURCU, 3, Hiç önermiyorum.
Trilye,  Türk Kahvesi, BARIŞ, 2, Tadı berbattı
Trilye,  Türk Kahvesi, FATİH, 1, Bayattı mikro dalgada ısıtıp getirmişler.
Trilye,  Türk Kahvesi, EBRU, 3, Fiyat performans.
Trilye,  Limonata, EVRİM, 2, sipariş eksik gelmişti
Trilye,  Limonata, erdem, 4,  Eskiden tadi daha iyiydi.
Trilye,  Limonata, seyma, 4, Gayet başarılı.
Trilye,  Limonata, enes, 4, lezzetli ve hızlıydı teşekkürler.
Vıp Pizza,  Karışık Pizza, BİRSEN, 5,  Çok lezzetliydi ve porsiyon boldu.
Vıp Pizza,  Karışık Pizza, erdem, 1, Çok lezzetsizdi
Vıp Pizza,  Karışık Pizza, enes, 2, Eski kalitenizi ariyorum gercekten.
Vıp Pizza,  Karışık Pizza, seyma, 5, Harika tek kelimeyle.
Vıp Pizza,  Karışık Pizza, EBRU, 4, Gayet başarılı.
Vıp Pizza,  Zeytinli Pizza, EVRİM, 2, Guzel sayilir.
Vıp Pizza,  Zeytinli Pizza, seyma, 4, Fena değil.
Vıp Pizza,  Zeytinli Pizza, enes, 5, Güzeldi.
Vıp Pizza,  Dil Peynirli Pizza, EBRU, 4, Ankaranın en iyisi.
Vıp Pizza,  Dil Peynirli Pizza, erdem, 3, Hiç önermiyorum.
Vıp Pizza,  Dil Peynirli Pizza, FATİH, 4, Harikaydı.
Vıp Pizza,  Dil Peynirli Pizza, BİRSEN, 2, çok yağlıydı
Vıp Pizza,  Dil Peynirli Pizza, seyma, 4, Ankaranın en iyisi.
Vıp Pizza,  Sucuklu Pizza, BİRSEN, 4, Ankaranın en iyisi.
Vıp Pizza,  Sucuklu Pizza, BURCU, 5, Herşey çok güzeldi ellerinize sağlık.
Vıp Pizza,  Limonata, FATİH, 2, Rezalet, Çok kötü
Vıp Pizza,  Limonata, seyma, 2, Kötü
Vıp Pizza,  Ayran, enes, 3, Daha iyisi olabilirdi.
Vıp Pizza,  Ayran, erdem, 1,  yiyemedik, rezillik...
Vıp Pizza,  Ayran, EBRU, 3, Daha iyisi olabilirdi.
Aspava,  İskender, BARIŞ, 2, çok yağlıydı
Aspava,  İskender, FATİH, 2,  buz gibiydi.
Aspava,  İskender, EBRU, 4, Oldukça memnun kaldım.
Aspava,  İnegöl Köfte, seyma, 4, tadı görseli paketlemesi iyiydi.
Aspava,  İnegöl Köfte, BURCU, 4,  taze ve çok lezzetliydi
Aspava,  İnegöl Köfte, BAŞAK, 4,  Gayet güzel.
Aspava,  Alabalık, BİRSEN, 5, Güzeldi.
Aspava,  Alabalık, FATİH, 3, Fiyat/performans hoşuma gitmedi.
Aspava,  Alabalık, erdem, 5, çok taze ve güzeldi.
Aspava,  Alabalık, seyma, 4, Bütün lezzetler harikaydı diyebilirim.
Aspava,  Etli Patates, FATİH, 3,  Gereksiz fazla pahalı.
Aspava,  Etli Patates, BURCU, 2, Eski kalitenizi ariyorum gercekten.
Aspava,  Etli Patates, erdem, 4, Gayet başarılı.
Aspava,  Etli Patates, EBRU, 1, Lezzet vasatti.
Aspava,  Etli Patates, BAŞAK, 1, Çöpe atmak zorunda kaldık
Aspava,  Dana Rosto, EVRİM, 3, Fiyat performans.
Aspava,  Dana Rosto, EBRU, 2, Eski kalitenizi ariyorum gercekten.
Aspava,  Dana Rosto, seyma, 2,  Tekrar sipariş vermem.
Aspava,  Dana Rosto, enes, 3, Beğenmedik.
Aspava,  Dana Rosto, BURCU, 2, hiç güzel değildi.
Aspava,  Belen Tava, EVRİM, 4, tadı görseli paketlemesi iyiydi.
Aspava,  Belen Tava, BARIŞ, 3, Fena değil.
Aspava,  Belen Tava, enes, 3,  Gereksiz fazla pahalı.
Aspava,  Belen Tava, BİRSEN, 2, Tadı berbattı
Aspava,  Belen Tava, EBRU, 2, yenmeyecek kadar kötü
Aspava,  Adana Kebap, erdem, 2, tamamını yiyemedim bile:/
Aspava,  Adana Kebap, seyma, 5, Herşey çok güzeldi ellerinize sağlık.
Aspava,  Adana Kebap, FATİH, 4, acımsı bir tat vardı ama lezzetliydi
Aspava,  Pirzola, seyma, 4, Lezzet ve kalite harika.
Aspava,  Pirzola, FATİH, 2, Malesef lezzetsizdi..
Aspava,  Pirzola, BAŞAK, 2,  Tavsiye etmem.
Aspava,  Pirzola, erdem, 3, Beğendim.
Aspava,  Pirzola, EVRİM, 2, Eski kalitenizi ariyorum gercekten.
Aspava,  Pide, BURCU, 4, Tavsiye ederim.
Aspava,  Pide, BARIŞ, 2,  Tekrar sipariş vermem.
Aspava,  Pide, EVRİM, 4, lezzetli ve hızlıydı teşekkürler.
Aspava,  Pide, FATİH, 1, Lezzet vasatti.
Aspava,  Pide, BAŞAK, 4, Ankaranın en iyisi.
Aspava,  Tavuk Çorbası, erdem, 2,  Tavsiye etmem.
Aspava,  Tavuk Çorbası, enes, 3, Sıcak geldi
Aspava,  Tavuk Çorbası, EVRİM, 3, Fena değil.
Aspava,  Tavuk Çorbası, EBRU, 1, Çöpe atmak zorunda kaldık
Aspava,  Yoğurt Çorbası, BAŞAK, 4, Ankaranın en iyisi.
Aspava,  Yoğurt Çorbası, seyma, 3, Beğendim.
Aspava,  Yoğurt Çorbası, EVRİM, 1,  Tuz oranı azaltılmalı.
Aspava,  Gavurdağı Salatası, BAŞAK, 3, Taze geldi
Aspava,  Gavurdağı Salatası, enes, 2, Kuruydu ve lezzetsizdi.
Aspava,  Şekerpare, seyma, 1,  kötüydü yiyemedik.
Aspava,  Şekerpare, BİRSEN, 1, Kötü
Aspava,  Şekerpare, EBRU, 5, çok taze ve güzeldi.
Aspava,  Şekerpare, BAŞAK, 1, Çok lezzetsizdi
Aspava,  Şekerpare, EVRİM, 4, Müko.
Aspava,  Baklava, erdem, 3, Beğendim.
Aspava,  Baklava, EBRU, 1, Lezzet vasatti.
Aspava,  Baklava, seyma, 2, sipariş eksik gelmişti
Aspava,  Baklava, FATİH, 4, Bu işi biliyorsunuz.
Aspava,  Ayran, BURCU, 2, hiç güzel değildi.
Aspava,  Ayran, BAŞAK, 5, çok taze ve güzeldi.
Aspava,  Ayran, enes, 3, bence pek başarılı değil.
Aspava,  Ayran, BİRSEN, 3,  Eskiden tadi daha iyiydi.
Kahveci Hacıbaba,  Karışık Pizza, BURCU, 5, Efsaneydı
Kahveci Hacıbaba,  Karışık Pizza, seyma, 5, Bu son siparişte kalbimi çaldınız
Kahveci Hacıbaba,  Karışık Pizza, BİRSEN, 5, Herşey çok lezzetliydi ellerinize sağlık.
Kahveci Hacıbaba,  Karışık Pizza, FATİH, 1, Kötü
Kahveci Hacıbaba,  Karışık Pizza, enes, 3, Fena değil.
Kahveci Hacıbaba,  Dürüm, FATİH, 3, Beğendim.
Kahveci Hacıbaba,  Dürüm, BARIŞ, 4, lezzetli ve hızlıydı teşekkürler.
Kahveci Hacıbaba,  Dürüm, BAŞAK, 2, Tadı berbattı
Kahveci Hacıbaba,  Dürüm, EBRU, 1, Çok lezzetsizdi
Kahveci Hacıbaba,  Dürüm, BURCU, 5, Ellerinize sağlık.
Kahveci Hacıbaba,  Nohut Köftesi, erdem, 5, Herşey çok lezzetliydi ellerinize sağlık.
Kahveci Hacıbaba,  Nohut Köftesi, FATİH, 2, Tadı berbattı
Kahveci Hacıbaba,  Nohut Köftesi, BARIŞ, 2, Kuruydu ve lezzetsizdi.
Kahveci Hacıbaba,  Adana Kebap, EVRİM, 2, hiç güzel değildi.
Kahveci Hacıbaba,  Adana Kebap, enes, 5, Harika tek kelimeyle.
Kahveci Hacıbaba,  Adana Kebap, BAŞAK, 3, Daha iyisi olabilirdi.
Kahveci Hacıbaba,  Hamburger, BURCU, 1,  kötüydü yiyemedik.
Kahveci Hacıbaba,  Hamburger, BİRSEN, 3, Doyurucu ve lezzetli.
Kahveci Hacıbaba,  Hamburger, EBRU, 5, Harika tek kelimeyle.
Kahveci Hacıbaba,  Hamburger, enes, 1, Çok kuruydu
Kahveci Hacıbaba,  Avokadolu Ton Balıklı Salata, EBRU, 3,  Eskiden tadi daha iyiydi.
Kahveci Hacıbaba,  Avokadolu Ton Balıklı Salata, FATİH, 1, Aşırı yağlı.
Kahveci Hacıbaba,  Avokadolu Ton Balıklı Salata, BARIŞ, 1, Lezzetsiz ayrıca bir mide ağrısı yaptı sebebini bilmiyorum.
Kahveci Hacıbaba,  Avokadolu Ton Balıklı Salata, erdem, 1, Rezalet, Çok kötü
Kahveci Hacıbaba,  Şekerpare, seyma, 2, Eski kalitenizi ariyorum gercekten.
Kahveci Hacıbaba,  Şekerpare, BURCU, 2,  Tavsiye etmem.
Kahveci Hacıbaba,  Şekerpare, BİRSEN, 5, Herşey çok lezzetliydi ellerinize sağlık.
Kahveci Hacıbaba,  Şekerpare, EVRİM, 1, Çok lezzetsizdi
Kahveci Hacıbaba,  Frambuazlı Cheesecake, BURCU, 2, yenmeyecek kadar kötü
Kahveci Hacıbaba,  Frambuazlı Cheesecake, BAŞAK, 1, Kötü
Kahveci Hacıbaba,  Frambuazlı Cheesecake, BARIŞ, 3, Beğendim.
Kahveci Hacıbaba,  Alman Pastası, EVRİM, 1, Aşırı yağlı.
Kahveci Hacıbaba,  Alman Pastası, BİRSEN, 2, Kuruydu ve lezzetsizdi.
Kahveci Hacıbaba,  Alman Pastası, BURCU, 4, Gayet başarılı.
Kahveci Hacıbaba,  Havuçlu Kek, EVRİM, 3, Beğendim.
Kahveci Hacıbaba,  Havuçlu Kek, enes, 2,  Tavsiye etmem.
Kahveci Hacıbaba,  Havuçlu Kek, BAŞAK, 2, tamamını yiyemedim bile:/
Kahveci Hacıbaba,  Cupcake, EVRİM, 5, Bu son siparişte kalbimi çaldınız
Kahveci Hacıbaba,  Cupcake, EBRU, 2, acımsı bir tat vardı
Kahveci Hacıbaba,  Cupcake, enes, 5, Efsaneydı
Kahveci Hacıbaba,  Cupcake, FATİH, 1, Lezzet vasatti.
Kahveci Hacıbaba,  Cupcake, seyma, 1, Çok lezzetsizdi
Kahveci Hacıbaba,  Portakallı Kek, BARIŞ, 4, Gayet başarılı.
Kahveci Hacıbaba,  Portakallı Kek, erdem, 4, Harikaydı.
Kahveci Hacıbaba,  Portakallı Kek, BURCU, 5, Harikaaaaaaa.
Kahveci Hacıbaba,  Brownie, erdem, 2,  buz gibiydi.
Kahveci Hacıbaba,  Brownie, BURCU, 5, Çok güzeldi.
Kahveci Hacıbaba,  Brownie, enes, 2, Kuruydu ve lezzetsizdi.
Kahveci Hacıbaba,  Brownie, BAŞAK, 2, sipariş eksik gelmişti
Kahveci Hacıbaba,  Dilim Pasta, EVRİM, 1, Aşırı yağlı.
Kahveci Hacıbaba,  Dilim Pasta, BAŞAK, 3, Fena değil.
Kahveci Hacıbaba,  Baklava, EVRİM, 3,  Eskiden tadi daha iyiydi.
Kahveci Hacıbaba,  Baklava, BURCU, 2, şerbeti çoktu
Kahveci Hacıbaba,  Baklava, seyma, 2, Eski kalitenizi ariyorum gercekten.
Kahveci Hacıbaba,  Baklava, erdem, 4, Ankaranın en iyisi.
Kahveci Hacıbaba,  Magnolia, FATİH, 2,  Tekrar sipariş vermem.
Kahveci Hacıbaba,  Magnolia, BURCU, 1,  yiyemedik, rezillik...
Kahveci Hacıbaba,  Magnolia, EVRİM, 2, Kuruydu ve lezzetsizdi.
Kahveci Hacıbaba,  Magnolia, enes, 2,  buz gibiydi.
Kahveci Hacıbaba,  Ayran, FATİH, 4, iyiydi
Kahveci Hacıbaba,  Ayran, BİRSEN, 4, Gayet başarılı.
Kahveci Hacıbaba,  Ayran, BAŞAK, 2, Guzel sayilir.
Kahveci Hacıbaba,  Salep, EVRİM, 1,  Tuz oranı azaltılmalı.
Kahveci Hacıbaba,  Salep, erdem, 3, Fena değil.
Kahveci Hacıbaba,  Salep, BURCU, 5, Harika tek kelimeyle.
Kahveci Hacıbaba,  Salep, BİRSEN, 3, Daha iyisi olabilirdi.
Kahveci Hacıbaba,  Türk Kahvesi, erdem, 5, Çok başarılı, hızlı servis ve lezzetli. Tavsiye ediyorum.
Kahveci Hacıbaba,  Türk Kahvesi, BURCU, 4, Lezzet ve kalite harika.
Kahveci Hacıbaba,  Türk Kahvesi, EBRU, 3, Fena değil.
Kahveci Hacıbaba,  Portakal Suyu, enes, 5, Çok başarılı, hızlı servis ve lezzetli. Tavsiye ediyorum.
Kahveci Hacıbaba,  Portakal Suyu, EVRİM, 3, Daha iyisi olabilirdi.
Kahveci Hacıbaba,  Portakal Suyu, EBRU, 4, bence kötü değildi.
Kahveci Hacıbaba,  Limonata, BARIŞ, 2, yenmeyecek kadar kötü
Kahveci Hacıbaba,  Limonata, seyma, 1,  kötüydü yiyemedik.
Kahveci Hacıbaba,  Limonata, erdem, 5, Çok güzeldi.
Kahveci Hacıbaba,  Limonata, BURCU, 5, Bu son siparişte kalbimi çaldınız
Kocatepe Kahve,  Zeytinli Pizza, BURCU, 4, Oldukça memnun kaldım.
Kocatepe Kahve,  Zeytinli Pizza, EBRU, 3, Fiyat/performans hoşuma gitmedi.
Kocatepe Kahve,  Zeytinli Pizza, BİRSEN, 3, Beğenmedik.
Kocatepe Kahve,  Sucuklu Pizza, seyma, 4, Güzeldi
Kocatepe Kahve,  Sucuklu Pizza, EVRİM, 4, Harikaydı.
Kocatepe Kahve,  Sucuklu Pizza, BAŞAK, 5, Herşey çok güzeldi ellerinize sağlık.
Kocatepe Kahve,  Dürüm, seyma, 4, Tavsiye ederim.
Kocatepe Kahve,  Dürüm, BİRSEN, 5, Bu son siparişte kalbimi çaldınız
Kocatepe Kahve,  Dürüm, BAŞAK, 4, Müko.
Kocatepe Kahve,  Dürüm, enes, 3, Daha iyisi olabilirdi.
Kocatepe Kahve,  Adana Kebap, BAŞAK, 5, Çok güzeldi.
Kocatepe Kahve,  Adana Kebap, EBRU, 4, lezzetli ve hızlıydı teşekkürler.
Kocatepe Kahve,  Adana Kebap, BURCU, 3,  Eskiden tadi daha iyiydi.
Kocatepe Kahve,  Pide, BAŞAK, 1, Kötü
Kocatepe Kahve,  Pide, FATİH, 1, Aşırı yağlı.
Kocatepe Kahve,  Pide, BİRSEN, 2, tamamını yiyemedim bile:/
Kocatepe Kahve,  Pide, BARIŞ, 3, Sıcak geldi
Kocatepe Kahve,  Revani, enes, 5, çok taze ve güzeldi.
Kocatepe Kahve,  Revani, erdem, 5, Ellerinize sağlık.
Kocatepe Kahve,  Revani, BAŞAK, 5, Güzeldi.
Kocatepe Kahve,  Frambuazlı Cheesecake, FATİH, 2, yenmeyecek kadar kötü
Kocatepe Kahve,  Frambuazlı Cheesecake, seyma, 4, Lezzet ve kalite harika.
Kocatepe Kahve,  Frambuazlı Cheesecake, enes, 3, Fiyat/performans hoşuma gitmedi.
Kocatepe Kahve,  Frambuazlı Cheesecake, BAŞAK, 2, çok yağlıydı
Kocatepe Kahve,  Frambuazlı Cheesecake, erdem, 2,  Tekrar sipariş vermem.
Kocatepe Kahve,  Kakaolu Islak Kek, EVRİM, 4, Bu işi biliyorsunuz.
Kocatepe Kahve,  Kakaolu Islak Kek, FATİH, 1, Bayattı mikro dalgada ısıtıp getirmişler.
Kocatepe Kahve,  Kakaolu Islak Kek, EBRU, 4,  Gayet güzel.
Kocatepe Kahve,  Kakaolu Islak Kek, erdem, 5, Efsaneydı
Kocatepe Kahve,  Portakallı Kek, BARIŞ, 4, Müko.
Kocatepe Kahve,  Portakallı Kek, BURCU, 5, Mukemmel hizmet.
Kocatepe Kahve,  Portakallı Kek, enes, 4, Bu işi biliyorsunuz.
Kocatepe Kahve,  Dilim Pasta, erdem, 3,  Eskiden tadi daha iyiydi.
Kocatepe Kahve,  Dilim Pasta, enes, 5, Güzeldi.
Kocatepe Kahve,  Dilim Pasta, BARIŞ, 2, Eski kalitenizi ariyorum gercekten.
Kocatepe Kahve,  Dilim Pasta, EVRİM, 3,  pek lezletli değildi
Kocatepe Kahve,  Dilim Pasta, BAŞAK, 3, Yemek güzeldi
Kocatepe Kahve,  Magnolia, enes, 3, Hiç önermiyorum.
Kocatepe Kahve,  Magnolia, FATİH, 4,  Gayet güzel.
Kocatepe Kahve,  Magnolia, erdem, 4, Ankaranın en iyisi.
Kocatepe Kahve,  Sufle, BURCU, 1,  Tuz oranı azaltılmalı.
Kocatepe Kahve,  Sufle, BAŞAK, 4, Aldığı puanı hakediyor.
Kocatepe Kahve,  Sufle, EVRİM, 5, Mukemmel hizmet.
Kocatepe Kahve,  Sufle, BARIŞ, 4, lezzetli ve hızlıydı teşekkürler.
Kocatepe Kahve,  Türk Kahvesi, FATİH, 4, Gayet başarılı.
Kocatepe Kahve,  Türk Kahvesi, erdem, 5, Çok başarılı, hızlı servis ve lezzetli. Tavsiye ediyorum.
Kocatepe Kahve,  Türk Kahvesi, BAŞAK, 3,  pek lezletli değildi
Kocatepe Kahve,  Türk Kahvesi, seyma, 1, Çok kuruydu
Kocatepe Kahve,  Portakal Suyu, seyma, 4, Bu işi biliyorsunuz.
Kocatepe Kahve,  Portakal Suyu, BARIŞ, 4, iyiydi
Kocatepe Kahve,  Portakal Suyu, enes, 4, Aldığı puanı hakediyor.
Liva,  Zeytinli Pizza, BAŞAK, 5, Herşey çok lezzetliydi ellerinize sağlık.
Liva,  Zeytinli Pizza, FATİH, 2, Eski kalitenizi ariyorum gercekten.
Liva,  Zeytinli Pizza, EVRİM, 5, Her şeyiyle ef-sa-ne. Daha iyisini henüz yemedim.
Liva,  Hamburger, BAŞAK, 3,  Gereksiz fazla pahalı.
Liva,  Hamburger, BARIŞ, 5, Çok başarılı, hızlı servis ve lezzetli. Tavsiye ediyorum.
Liva,  Hamburger, EBRU, 2,  buz gibiydi.
Liva,  Frambuazlı Cheesecake, seyma, 2, çok yağlıydı
Liva,  Frambuazlı Cheesecake, FATİH, 4, Gayet başarılı.
Liva,  Frambuazlı Cheesecake, erdem, 4,  Gayet güzel.
Liva,  Frambuazlı Cheesecake, enes, 4,  taze ve çok lezzetliydi
Liva,  Alman Pastası, enes, 4, Gayet başarılı.
Liva,  Alman Pastası, BURCU, 3, Doyurucu ve lezzetli.
Liva,  Alman Pastası, BİRSEN, 3, tadı hiç güzel değildi, midemi bozdu.
Liva,  Havuçlu Kek, EBRU, 3, bence pek başarılı değil.
Liva,  Havuçlu Kek, EVRİM, 4, Tavsiye ederim.
Liva,  Havuçlu Kek, BARIŞ, 4, Lezzet beklentimin üstündeydi. Memnun kaldım.
Liva,  Kakaolu Islak Kek, erdem, 5, Çok başarılı, hızlı servis ve lezzetli. Tavsiye ediyorum.
Liva,  Kakaolu Islak Kek, enes, 3, Sıcak geldi
Liva,  Kakaolu Islak Kek, FATİH, 3,  Gereksiz fazla pahalı.
Liva,  Cupcake, BURCU, 3,  Eskiden tadi daha iyiydi.
Liva,  Cupcake, erdem, 2, Guzel sayilir.
Liva,  Portakallı Kek, BARIŞ, 5, Harikaaaaaaa.
Liva,  Portakallı Kek, FATİH, 3, Fena değil.
Liva,  Portakallı Kek, EBRU, 3, Daha iyisi olabilirdi.
Liva,  Portakallı Kek, seyma, 1, Rezalet, Çok kötü
Liva,  Brownie, EVRİM, 5,  Çok lezzetliydi ve porsiyon boldu.
Liva,  Brownie, BARIŞ, 4, Bu işi biliyorsunuz.
Liva,  Brownie, EBRU, 4, Harikaydı.
Liva,  Brownie, seyma, 2, çok yağlıydı
Liva,  Brownie,enes, 2, Eski kalitenizi ariyorum gercekten.
Liva,  Dilim Pasta, enes, 4, iyiydi
Liva,  Dilim Pasta, BURCU, 2,  buz gibiydi.
Liva,  Dilim Pasta, erdem, 2,  Tekrar sipariş vermem.
Liva,  Magnolia, EVRİM, 5, Efsaneydı
Liva,  Magnolia, BURCU, 4, Oldukça memnun kaldım.
Liva,  Magnolia, BAŞAK, 4,  taze ve çok lezzetliydi
Liva,  Magnolia, erdem, 2, Guzel sayilir.
Liva,  Magnolia, seyma, 3, tadı hiç güzel değildi, midemi bozdu.
Liva,  Türk Kahvesi, BİRSEN, 1,  yiyemedik, rezillik...
Liva,  Türk Kahvesi, FATİH, 2, yenmeyecek kadar kötü
Liva,  Türk Kahvesi, erdem, 5, Süperdi bayıldım ellerinize sağlık yapan arkadaş çok güzel yapmış.
Liva,  Portakal Suyu, EBRU, 4, Bütün lezzetler harikaydı diyebilirim.
Liva,  Portakal Suyu, EVRİM, 5, Herşey çok lezzetliydi ellerinize sağlık.
Hmbrgr,  Hamburger, erdem, 3, Doyurucu ve lezzetli.
Hmbrgr,  Hamburger, EVRİM, 5, Harika tek kelimeyle.
Hmbrgr,  Hamburger, BAŞAK, 4, Harikaydı.
Hmbrgr,  Ayran, BARIŞ, 5, Her şeyiyle ef-sa-ne. Daha iyisini henüz yemedim.
Hmbrgr,  Ayran, erdem, 1, Çöpe atmak zorunda kaldık
Hmbrgr,  Ayran, seyma, 1, Lezzetsiz ayrıca bir mide ağrısı yaptı sebebini bilmiyorum.
Butikek,  Dil Peynirli Pizza, enes, 5, Mukemmel hizmet.
Butikek,  Dil Peynirli Pizza, seyma, 3, Yemek güzeldi
Butikek,  Dil Peynirli Pizza, EVRİM, 1, soğuk geldi
Butikek,  Dil Peynirli Pizza, BİRSEN, 3,  pek lezletli değildi
Butikek,  Dil Peynirli Pizza, BARIŞ, 1,  yiyemedik, rezillik...
Butikek,  Dürüm, enes, 3, Beğendim.
Butikek,  Dürüm, EBRU, 3, tadı hiç güzel değildi, midemi bozdu.
Butikek,  Dürüm, BİRSEN, 5, Herşey çok güzeldi ellerinize sağlık.
Butikek,  Adana Kebap, EVRİM, 5, Harikaaaaaaa.
Butikek,  Adana Kebap, BARIŞ, 1, Lezzet vasatti.
Butikek,  Adana Kebap, BİRSEN, 1, Bayattı mikro dalgada ısıtıp getirmişler.
Butikek,  Adana Kebap, BURCU, 4, Ankaranın en iyisi.
Butikek,  Hamburger, seyma, 5, Mukemmel hizmet.
Butikek,  Hamburger, BAŞAK, 5, Sosları ve hamburger çok güzeldi.
Butikek,  Hamburger, EBRU, 2, Malesef lezzetsizdi..
Butikek,  Hamburger, EVRİM, 5, çok taze ve güzeldi.
Butikek,  Sebze Çorbası, seyma, 3, Hiç önermiyorum.
Butikek,  Sebze Çorbası, EBRU, 5, Çok başarılı, hızlı servis ve lezzetli. Tavsiye ediyorum.
Butikek,  Sebze Çorbası, erdem, 4, Bütün lezzetler harikaydı diyebilirim.
Butikek,  Frambuazlı Cheesecake, enes, 2, sipariş eksik gelmişti
Butikek,  Frambuazlı Cheesecake, BİRSEN, 2, yenmeyecek kadar kötü
Butikek,  Frambuazlı Cheesecake, erdem, 2, yenmeyecek kadar kötü
Butikek,  Alman Pastası, enes, 4, tadı görseli paketlemesi iyiydi.
Butikek,  Alman Pastası, BARIŞ, 3, Fiyat/performans hoşuma gitmedi.
Butikek,  Alman Pastası, EVRİM, 4, Gayet başarılı.
Butikek,  Alman Pastası, BAŞAK, 4, tadı görseli paketlemesi iyiydi.
Butikek,  Havuçlu Kek, seyma, 1, Çok lezzetsizdi
Butikek,  Havuçlu Kek, BAŞAK, 4, Müko.
Butikek,  Havuçlu Kek, EBRU, 2, Kuruydu ve lezzetsizdi.
Butikek,  Cupcake, BAŞAK, 4, Gayet başarılı.
Butikek,  Cupcake, BARIŞ, 4, Müko.
Butikek,  Cupcake, seyma, 5, Ellerinize sağlık.
Butikek,  Cupcake, FATİH, 5, Her şeyiyle ef-sa-ne. Daha iyisini henüz yemedim.
Butikek,  Cupcake, EVRİM, 3, Yemek güzeldi
Butikek,  Brownie, BAŞAK, 2,  Tavsiye etmem.
Butikek,  Brownie, BURCU, 3, tadı hiç güzel değildi, midemi bozdu.
Butikek,  Brownie, seyma, 5, Çok başarılı, hızlı servis ve lezzetli. Tavsiye ediyorum.
Butikek,  Tiramisu, BAŞAK, 4, tadı görseli paketlemesi iyiydi.
Butikek,  Tiramisu, EBRU, 2, sipariş eksik gelmişti
Butikek,  Tiramisu, FATİH, 4, Gayet başarılı.
Butikek,  Tiramisu, seyma, 1, Çok geç geldi
Butikek,  Tiramisu, erdem, 2, Eski kalitenizi ariyorum gercekten.
Butikek,  Türk Kahvesi, EBRU, 5, Harika tek kelimeyle.
Butikek,  Türk Kahvesi, BİRSEN, 1, Tadı bir garip
Butikek,  Türk Kahvesi, EVRİM, 5,  Çok lezzetliydi ve porsiyon boldu.
Butikek,  Portakal Suyu, enes, 3, Yemek güzeldi
Butikek,  Portakal Suyu, BAŞAK, 5, Efsaneydı
Butikek,  Limonata, BARIŞ, 2, acımsı bir tat vardı
Butikek,  Limonata, EVRİM, 1, Lezzetsiz ayrıca bir mide ağrısı yaptı sebebini bilmiyorum.
Butikek,  Limonata, BURCU, 5, Çok güzeldi.
Butikek,  Limonata, BAŞAK, 3,  pek lezletli değildi
Mevlana,  İskender, enes, 5, Her şeyiyle ef-sa-ne. Daha iyisini henüz yemedim.
Mevlana,  İskender, FATİH, 2, Eski kalitenizi ariyorum gercekten.
Mevlana,  İskender, EBRU, 4, Ankaranın en iyisi.
Mevlana,  Özbek Pilavı, FATİH, 5, Süperdi bayıldım ellerinize sağlık yapan arkadaş çok güzel yapmış.
Mevlana,  Özbek Pilavı, BARIŞ, 3,  Gereksiz fazla pahalı.
Mevlana,  Özbek Pilavı, BAŞAK, 1, Tadı bir garip
Mevlana,  Özbek Pilavı, enes, 2, Malesef lezzetsizdi..
Mevlana,  Dürüm, enes, 2,  Tekrar sipariş vermem.
Mevlana,  Dürüm, BİRSEN, 5, Süperdi bayıldım ellerinize sağlık yapan arkadaş çok güzel yapmış.
Mevlana,  Dürüm, EVRİM, 5, Çok başarılı, hızlı servis ve lezzetli. Tavsiye ediyorum.
Mevlana,  Dürüm, FATİH, 2, sipariş eksik gelmişti
Mevlana,  Dürüm, BARIŞ, 5, Herşey çok lezzetliydi ellerinize sağlık.
Mevlana,  Belen Tava, BARIŞ, 5, Çok başarılı, hızlı servis ve lezzetli. Tavsiye ediyorum.
Mevlana,  Belen Tava, erdem, 2, yenmeyecek kadar kötü
Mevlana,  Belen Tava, FATİH, 5, Harikaaaaaaa.
Mevlana,  Belen Tava, enes, 2, yenmeyecek kadar kötü
Mevlana,  Adana Kebap, BARIŞ, 2, çok yağlıydı
Mevlana,  Adana Kebap, BURCU, 3, tadı hiç güzel değildi, midemi bozdu.
Mevlana,  Adana Kebap, BİRSEN, 3, Fiyat performans.
Mevlana,  Pirzola, BURCU, 3, Doyurucu ve lezzetli.
Mevlana,  Pirzola, BAŞAK, 4, Bütün lezzetler harikaydı diyebilirim.
Mevlana,  Pirzola, seyma, 1, Bayattı mikro dalgada ısıtıp getirmişler.
Mevlana,  Pide, BARIŞ, 5, Her şeyiyle ef-sa-ne. Daha iyisini henüz yemedim.
Mevlana,  Pide, EBRU, 2, hiç güzel değildi.
Mevlana,  Pide, erdem, 3, Fiyat/performans hoşuma gitmedi.
Mevlana,  Tavuk Çorbası, erdem, 4, tadı görseli paketlemesi iyiydi.
Mevlana,  Tavuk Çorbası, FATİH, 5, ellerinize sağlık.
Mevlana,  Tavuk Çorbası, seyma, 3,  Gereksiz fazla pahalı.
Mevlana,  Yoğurt Çorbası, seyma, 1, Çok lezzetsizdi
Mevlana,  Yoğurt Çorbası, BURCU, 1, soğuk geldi
Mevlana,  Yoğurt Çorbası, FATİH, 2, yenmeyecek kadar kötü
Mevlana,  Yoğurt Çorbası, EVRİM, 4, Gayet başarılı.
Mevlana,  Yoğurt Çorbası, erdem, 4, Harikaydı.
Mevlana,  Sebze Çorbası, BAŞAK, 2, Eski kalitenizi ariyorum gercekten.
Mevlana,  Sebze Çorbası, BİRSEN, 2, tamamını yiyemedim bile:/
Mevlana,  Sebze Çorbası, FATİH, 2,  buz gibiydi.
Mevlana,  Sebze Çorbası, BURCU, 4,  taze ve çok lezzetliydi
Mevlana,  Tulumba, seyma, 2,  Tavsiye etmem.
Mevlana,  Tulumba, erdem, 1, soğuk geldi
Mevlana,  Tulumba, EBRU, 3, Daha iyisi olabilirdi.
Mevlana,  Tulumba, BARIŞ, 3, Doyurucu ve lezzetli.
Mevlana,  Şekerpare, EBRU, 3,  pek lezletli değildi
Mevlana,  Şekerpare, BARIŞ, 4, iyiydi
Mevlana,  Şekerpare, BİRSEN, 4, Aldığı puanı hakediyor.
Mevlana,  Şekerpare, enes, 4, Müko.
Mevlana,  Baklava, BURCU, 1, Lezzetsiz ayrıca bir mide ağrısı yaptı sebebini bilmiyorum.
Mevlana,  Baklava, erdem, 1, Lezzet vasatti.
Mevlana,  Baklava, seyma, 2, sipariş eksik gelmişti
Mevlana,  Ayran, BAŞAK, 1,  Tuz oranı azaltılmalı.
Mevlana,  Ayran, EVRİM, 5, Süperdi bayıldım ellerinize sağlık yapan arkadaş çok güzel yapmış.
Mevlana,  Ayran, EBRU, 3, Sıcak geldi
Cookshop,  Karışık Pizza, BİRSEN, 5, Güzeldi.
Cookshop,  Karışık Pizza, enes, 2,  Tekrar sipariş vermem.
Cookshop,  Karışık Pizza, BURCU, 1, Çok geç geldi
Cookshop,  Karışık Pizza, seyma, 1, Rezalet, Çok kötü
Cookshop,  Dil Peynirli Pizza, EVRİM, 3, Fiyat/performans hoşuma gitmedi.
Cookshop,  Dil Peynirli Pizza, erdem, 1, Aşırı yağlı.
Cookshop,  Dil Peynirli Pizza, EBRU, 3, Beğenmedik.
Cookshop,  Dil Peynirli Pizza, BARIŞ, 2, Kuruydu ve lezzetsizdi.
Cookshop,  Mantı, EBRU, 1, Kötü
Cookshop,  Mantı, EVRİM, 1, Aşırı yağlı.
Cookshop,  Mantı, BURCU, 1, Çöpe atmak zorunda kaldık
Cookshop,  Mantı, erdem, 5,  Çok lezzetliydi ve porsiyon boldu.
Cookshop,  Mantı, BARIŞ, 5, Her şeyiyle ef-sa-ne. Daha iyisini henüz yemedim.
Cookshop,  Hamburger, FATİH, 2, tamamını yiyemedim bile:/
Cookshop,  Hamburger, erdem, 3, Eski kalitenizi ariyorum gercekten.
Cookshop,  Hamburger, seyma, 4, Lezzet ve kalite harika.
Cookshop,  Havuçlu Nuraniye Salatası, BAŞAK, 4,  taze ve çok lezzetliydi
Cookshop,  Havuçlu Nuraniye Salatası, EVRİM, 1, Çok kuruydu
Cookshop,  Havuçlu Nuraniye Salatası, seyma, 3, Hiç önermiyorum.
Cookshop,  Avokadolu Ton Balıklı Salata, BURCU, 2,  Tavsiye etmem.
Cookshop,  Avokadolu Ton Balıklı Salata, BARIŞ, 5, Harika tek kelimeyle.
Cookshop,  Avokadolu Ton Balıklı Salata, EVRİM, 3, Doyurucu ve lezzetli.
Cookshop,  Avokadolu Ton Balıklı Salata, erdem, 2, Tadı berbattı
Cookshop,  Brokoli Salatası, BURCU, 4, Lezzet beklentimin üstündeydi. Memnun kaldım.
Cookshop,  Brokoli Salatası, FATİH, 4, Müko.
Cookshop,  Brokoli Salatası, BİRSEN, 1, Bayattı mikro dalgada ısıtıp getirmişler.
Cookshop,  Brokoli Salatası, enes, 2,  Tekrar sipariş vermem.
Cookshop,  Frambuazlı Cheesecake, FATİH, 3, bence pek başarılı değil.
Cookshop,  Frambuazlı Cheesecake, enes, 2, Kuruydu ve lezzetsizdi.
Cookshop,  Frambuazlı Cheesecake, erdem, 1,  Tuz oranı azaltılmalı.
Cookshop,  Frambuazlı Cheesecake, seyma, 4,  taze ve çok lezzetliydi
Cookshop,  Alman Pastası, BİRSEN, 5, Güzeldi.
Cookshop,  Alman Pastası, BAŞAK, 1, Çok geç geldi
Cookshop,  Alman Pastası, enes, 5, Harika tek kelimeyle.
Cookshop,  Havuçlu Kek, erdem, 3, Fena değil.
Cookshop,  Havuçlu Kek, seyma, 2, Eski kalitenizi ariyorum gercekten.
Cookshop,  Havuçlu Kek, EVRİM, 4, Müko.
Cookshop,  Havuçlu Kek, enes, 3, Daha iyisi olabilirdi.
Cookshop,  Havuçlu Kek, BİRSEN, 2, Kuruydu ve lezzetsizdi.
Cookshop,  Cupcake, BAŞAK, 5, Herşey çok lezzetliydi ellerinize sağlık.
Cookshop,  Cupcake, EVRİM, 2, acımsı bir tat vardı
Cookshop,  Cupcake, seyma, 4, lezzetli ve hızlıydı teşekkürler.
Cookshop,  Cupcake, FATİH, 4, Bu işi biliyorsunuz.
Cookshop,  Dilim Pasta, enes, 2, tamamını yiyemedim bile:/
Cookshop,  Dilim Pasta, BURCU, 3, Daha iyisi olabilirdi.
Cookshop,  Dilim Pasta, FATİH, 4, lezzetli ve hızlıydı teşekkürler.
Cookshop,  Dilim Pasta, erdem, 5, Herşey çok güzeldi ellerinize sağlık.
Cookshop,  Tiramisu, BİRSEN, 2, acımsı bir tat vardı
Cookshop,  Tiramisu, erdem, 2,  buz gibiydi.
Cookshop,  Tiramisu, EVRİM, 5, Çok başarılı, hızlı servis ve lezzetli. Tavsiye ediyorum.
Cookshop,  Tiramisu, BARIŞ, 5, Herşey çok lezzetliydi ellerinize sağlık.
Cookshop,  Magnolia, BURCU, 4, Bu işi biliyorsunuz.
Cookshop,  Magnolia, BAŞAK, 2, hiç güzel değildi.
Cookshop,  Magnolia, enes, 1, Bayattı mikro dalgada ısıtıp getirmişler.
Cookshop,  Sufle, erdem, 3,  Eskiden tadi daha iyiydi.
Cookshop,  Sufle, EVRİM, 5, Harika tek kelimeyle.
Cookshop,  Sufle, BAŞAK, 3, Beğendim.
Cookshop,  Sufle, BURCU, 1,  yiyemedik, rezillik...
Cookshop,  Salep, BİRSEN, 5, Süperdi bayıldım ellerinize sağlık yapan arkadaş çok güzel yapmış.
Cookshop,  Salep, EVRİM, 2, Eski kalitenizi ariyorum gercekten.
Cookshop,  Salep, erdem, 4, Bütün lezzetler harikaydı diyebilirim.
Cookshop,  Türk Kahvesi, erdem, 2, çok yağlıydı
Cookshop,  Türk Kahvesi, EBRU, 4, lezzetli ve hızlıydı teşekkürler.
Cookshop,  Türk Kahvesi, BURCU, 3, Fena değil.
Cookshop,  Limonata, FATİH, 4, Aldığı puanı hakediyor.
Cookshop,  Limonata, BARIŞ, 4, Müko.
Cookshop,  Limonata, BURCU, 4, tadı görseli paketlemesi iyiydi.
Ciğerci Aytaç,  İskender, erdem, 5, Harikaaaaaaa.
Ciğerci Aytaç,  İskender, BARIŞ, 2, Kuruydu ve lezzetsizdi.
Ciğerci Aytaç,  İskender, BURCU, 1, Tadı bir garip
Ciğerci Aytaç,  Kuru Fasulye, BAŞAK, 3, bence pek başarılı değil.
Ciğerci Aytaç,  Kuru Fasulye, erdem, 2, Malesef lezzetsizdi..
Ciğerci Aytaç,  Kuru Fasulye, BİRSEN, 5, Süperdi bayıldım ellerinize sağlık yapan arkadaş çok güzel yapmış.
Ciğerci Aytaç,  Özbek Pilavı, BİRSEN, 2, Kuruydu ve lezzetsizdi.
Ciğerci Aytaç,  Özbek Pilavı, EBRU, 4, Gayet başarılı.
Ciğerci Aytaç,  Özbek Pilavı, BAŞAK, 2, çok yağlıydı
Ciğerci Aytaç,  Özbek Pilavı, seyma, 5, Ellerinize sağlık.
Ciğerci Aytaç,  Etli Patates, FATİH, 5, çok taze ve güzeldi.
Ciğerci Aytaç,  Etli Patates, EBRU, 2, Kuruydu ve lezzetsizdi.
Ciğerci Aytaç,  Etli Patates, erdem, 3, Hiç önermiyorum.
Ciğerci Aytaç,  Dürüm, BAŞAK, 5, Ellerinize sağlık.
Ciğerci Aytaç,  Dürüm, BURCU, 2, acımsı bir tat vardı
Ciğerci Aytaç,  Dana Rosto, BARIŞ, 1, Adana yanıma geldiğinde harap bir vaziyette idi buna adana değil başka bir isim bulmak lazım onu da bence siz bulun ama kesinlikle ismi adana olmasın.
Ciğerci Aytaç,  Dana Rosto, FATİH, 5,  Çok lezzetliydi ve porsiyon boldu.
Ciğerci Aytaç,  Dana Rosto, EBRU, 2, Beğenmedim özensizdi...
Ciğerci Aytaç,  Dana Rosto, seyma, 2, tamamını yiyemedim bile:/
Ciğerci Aytaç,  Dana Rosto, EVRİM, 1, Bayattı mikro dalgada ısıtıp getirmişler.
Ciğerci Aytaç,  Belen Tava, BAŞAK, 1,  kötüydü yiyemedik.
Ciğerci Aytaç,  Belen Tava, BİRSEN, 2, sipariş eksik gelmişti
Ciğerci Aytaç,  Belen Tava, seyma, 2, Tadı berbattı
Ciğerci Aytaç,  Belen Tava, EBRU, 4, lezzetli ve hızlıydı teşekkürler.
Ciğerci Aytaç,  Adana Kebap, seyma, 5, Ellerinize sağlık.
Ciğerci Aytaç,  Adana Kebap, EVRİM, 5, Süperdi bayıldım ellerinize sağlık yapan arkadaş çok güzel yapmış.
Ciğerci Aytaç,  Adana Kebap, BARIŞ, 5, Bu son siparişte kalbimi çaldınız
Ciğerci Aytaç,  Adana Kebap, BAŞAK, 1, Lezzet vasatti.
Ciğerci Aytaç,  Sebze Çorbası, FATİH, 4, Aldığı puanı hakediyor.
Ciğerci Aytaç,  Sebze Çorbası, erdem, 4, iyiydi
Ciğerci Aytaç,  Sebze Çorbası, seyma, 3, Yemek güzeldi
Ciğerci Aytaç,  Sebze Çorbası, EVRİM, 5, Herşey çok lezzetliydi ellerinize sağlık.
Ciğerci Aytaç,  Sebze Çorbası, BAŞAK, 4, Bütün lezzetler harikaydı diyebilirim.
Ciğerci Aytaç,  Yoğurt Çorbası, EVRİM, 3, Fena değil.
Ciğerci Aytaç,  Yoğurt Çorbası, seyma, 1, Bayattı mikro dalgada ısıtıp getirmişler.
Ciğerci Aytaç,  Yoğurt Çorbası, BARIŞ, 1, Rezalet, Çok kötü
Ciğerci Aytaç,  Yoğurt Çorbası, BURCU, 4, Harikaydı.
Ciğerci Aytaç,  Yoğurt Çorbası, erdem, 5, Çok başarılı, hızlı servis ve lezzetli. Tavsiye ediyorum.
Ciğerci Aytaç,  Gavurdağı Salatası, BAŞAK, 2,  Tavsiye etmem.
Ciğerci Aytaç,  Gavurdağı Salatası, enes, 5, Herşey çok güzeldi ellerinize sağlık.
Ciğerci Aytaç,  Gavurdağı Salatası, EBRU, 5, çok taze ve güzeldi.
Ciğerci Aytaç,  Gavurdağı Salatası, EVRİM, 5, Efsaneydı
Ciğerci Aytaç,  Revani, BARIŞ, 5, Ellerinize sağlık.
Ciğerci Aytaç,  Revani, BURCU, 1,  yiyemedik, rezillik...
Ciğerci Aytaç,  Revani, BİRSEN, 5,  Çok lezzetliydi ve porsiyon boldu.
Ciğerci Aytaç,  Revani, FATİH, 5, Bu son siparişte kalbimi çaldınız
Ciğerci Aytaç,  Baklava, BURCU, 1,  Tuz oranı azaltılmalı.
Ciğerci Aytaç,  Baklava, BARIŞ, 4, Harikaydı.
Ciğerci Aytaç,  Ayran, BURCU, 3,  Gereksiz fazla pahalı.
Rumeli Çikolatacısı,  Frambuazlı Cheesecake, FATİH, 1, Lezzetsiz ayrıca bir mide ağrısı yaptı sebebini bilmiyorum.
Rumeli Çikolatacısı,  Frambuazlı Cheesecake, EBRU, 1, Lezzet vasatti.
Rumeli Çikolatacısı,  Frambuazlı Cheesecake, BİRSEN, 1, Rezalet, Çok kötü
Rumeli Çikolatacısı,  Alman Pastası, BARIŞ, 4, Ankaranın en iyisi.
Rumeli Çikolatacısı,  Alman Pastası, BAŞAK, 5, Güzeldi.
Rumeli Çikolatacısı,  Cupcake, BAŞAK, 3,  Gereksiz fazla pahalı.
Rumeli Çikolatacısı,  Cupcake, enes, 3, Yemek güzeldi
Rumeli Çikolatacısı,  Cupcake, EVRİM, 2, Guzel sayilir.
Rumeli Çikolatacısı,  Brownie, EBRU, 4, Müko.
Rumeli Çikolatacısı,  Brownie, FATİH, 4, iyiydi
Rumeli Çikolatacısı,  Brownie, BURCU, 4, Lezzet beklentimin üstündeydi. Memnun kaldım.
Rumeli Çikolatacısı,  Dilim Pasta, BAŞAK, 3, bence pek başarılı değil.
Rumeli Çikolatacısı,  Dilim Pasta, BURCU, 2,  Tekrar sipariş vermem.
Rumeli Çikolatacısı,  Dilim Pasta, BARIŞ, 5, Herşey çok güzeldi ellerinize sağlık.
Rumeli Çikolatacısı,  Dilim Pasta, EVRİM, 5, Her şeyiyle ef-sa-ne. Daha iyisini henüz yemedim.
Rumeli Çikolatacısı,  Dilim Pasta, FATİH, 5, Süperdi bayıldım ellerinize sağlık yapan arkadaş çok güzel yapmış.
Rumeli Çikolatacısı,  Tiramisu, BAŞAK, 5, Ellerinize sağlık.
Rumeli Çikolatacısı,  Tiramisu, erdem, 5, Çok başarılı, hızlı servis ve lezzetli. Tavsiye ediyorum.
Rumeli Çikolatacısı,  Tiramisu, enes, 2,  Tavsiye etmem.
Rumeli Çikolatacısı,  Tiramisu, EBRU, 3,  Gereksiz fazla pahalı.
Rumeli Çikolatacısı,  Tiramisu, seyma, 3, Fena değil.
Rumeli Çikolatacısı,  Sufle, BURCU, 4, Gayet başarılı.
Rumeli Çikolatacısı,  Sufle, BARIŞ, 2, Malesef lezzetsizdi..
Rumeli Çikolatacısı,  Sufle, enes, 4, Gayet başarılı.
Rumeli Çikolatacısı,  Salep, FATİH, 5, Mukemmel hizmet.
Rumeli Çikolatacısı,  Salep, erdem, 5, Harikaaaaaaa.
Rumeli Çikolatacısı,  Salep, BİRSEN, 5, Efsaneydı
Rumeli Çikolatacısı,  Portakal Suyu, enes, 2, Malesef lezzetsizdi..
Rumeli Çikolatacısı,  Portakal Suyu, BURCU, 3, Beğendim.
Rumeli Çikolatacısı,  Portakal Suyu, BAŞAK, 5, Harika tek kelimeyle.
Rumeli Çikolatacısı,  Portakal Suyu, erdem, 1,  Tuz oranı azaltılmalı.
Rumeli Çikolatacısı,  Limonata, EBRU, 5, Her şeyiyle ef-sa-ne. Daha iyisini henüz yemedim.
Rumeli Çikolatacısı,  Limonata, EVRİM, 1, Tadı bir garip
Rumeli Çikolatacısı,  Limonata, BURCU, 2, hiç güzel değildi.
Rumeli Çikolatacısı,  Limonata, FATİH, 5, Harika tek kelimeyle.
Rumeli Çikolatacısı,  Limonata, BARIŞ, 5, Mukemmel hizmet.
Pastannecim,  Frambuazlı Cheesecake, BARIŞ, 4, Lezzet beklentimin üstündeydi. Memnun kaldım.
Pastannecim,  Frambuazlı Cheesecake, erdem, 2, Kuruydu ve lezzetsizdi.
Pastannecim,  Frambuazlı Cheesecake, BAŞAK, 1, Çok lezzetsizdi
Pastannecim,  Alman Pastası, BURCU, 2, tamamını yiyemedim bile:/
Pastannecim,  Alman Pastası, BARIŞ, 5, Ellerinize sağlık.
Pastannecim,  Alman Pastası, EBRU, 1,  Tuz oranı azaltılmalı.
Pastannecim,  Havuçlu Kek, enes, 1, Çok lezzetsizdi
Pastannecim,  Havuçlu Kek, erdem, 5, Efsaneydı
Pastannecim,  Havuçlu Kek, BİRSEN, 2,  buz gibiydi.
Pastannecim,  Cupcake, BİRSEN, 5, Güzeldi.
Pastannecim,  Cupcake, EVRİM, 2,  Tavsiye etmem.
Pastannecim,  Cupcake, BURCU, 4,  Gayet güzel.
Pastannecim,  Portakallı Kek, BİRSEN, 3,  Gereksiz fazla pahalı.
Pastannecim,  Portakallı Kek, BURCU, 4, iyiydi
Pastannecim,  Portakallı Kek, EBRU, 5, Herşey çok güzeldi ellerinize sağlık.
Pastannecim,  Brownie, EBRU, 2, Tadı berbattı
Pastannecim,  Brownie, BARIŞ, 3, Fiyat performans.
Pastannecim,  Brownie, BİRSEN, 3, Fiyat/performans hoşuma gitmedi.
Pastannecim,  Magnolia, BARIŞ, 2, Eski kalitenizi ariyorum gercekten.
Pastannecim,  Magnolia, BURCU, 3,  Eskiden tadi daha iyiydi.
Pastannecim,  Magnolia, seyma, 1, Lezzet vasatti.
Pastannecim,  Sufle, seyma, 1,  Tuz oranı azaltılmalı.
Pastannecim,  Sufle, BAŞAK, 4, lezzetli ve hızlıydı teşekkürler.
Pastannecim,  Sufle, BURCU, 3, Fena değil.
Pastannecim,  Türk Kahvesi, BURCU, 4, Müko.
Pastannecim,  Türk Kahvesi, BİRSEN, 3, Fena değil.
Pastannecim,  Limonata, enes, 1,  yiyemedik, rezillik...
Pastannecim,  Limonata, seyma, 1, Aşırı yağlı.
Pastannecim,  Limonata, BİRSEN, 5, Herşey çok lezzetliydi ellerinize sağlık.
Pastannecim,  Limonata, EVRİM, 4, tadı görseli paketlemesi iyiydi.
Sar Kebap,  İskender, BAŞAK, 4, Ankaranın en iyisi.
Sar Kebap,  İskender, EBRU, 3, Fena değil.
Sar Kebap,  İskender, BİRSEN, 4, Ankaranın en iyisi.
Sar Kebap,  İskender, erdem, 2, Eski kalitenizi ariyorum gercekten.
Sar Kebap,  İnegöl Köfte, EVRİM, 3, Beğenmedik.
Sar Kebap,  İnegöl Köfte, enes, 2,  buz gibiydi.
Sar Kebap,  İnegöl Köfte, seyma, 4, Tavsiye ederim.
Sar Kebap,  İnegöl Köfte, BURCU, 2,  buz gibiydi.
Sar Kebap,  Özbek Pilavı, seyma, 1, Çok kuruydu
Sar Kebap,  Özbek Pilavı, EVRİM, 4, lezzetli ve hızlıydı teşekkürler.
Sar Kebap,  Özbek Pilavı, EBRU, 2, hiç güzel değildi.
Sar Kebap,  Ratatouille, FATİH, 4,  taze ve çok lezzetliydi
Sar Kebap,  Ratatouille, EBRU, 2,  buz gibiydi.
Sar Kebap,  Ratatouille, BURCU, 5,  Çok lezzetliydi ve porsiyon boldu.
Sar Kebap,  Etli Patates, BARIŞ, 5, Her şeyiyle ef-sa-ne. Daha iyisini henüz yemedim.
Sar Kebap,  Etli Patates, EVRİM, 2, Tadı berbattı
Sar Kebap,  Etli Patates, seyma, 3, Yemek güzeldi
Sar Kebap,  Etli Patates, erdem, 3, Yemek güzeldi
Sar Kebap,  Dürüm, FATİH, 2, Beğenmedim özensizdi...
Sar Kebap,  Dürüm, enes, 3, Fiyat/performans hoşuma gitmedi.
Sar Kebap,  Dürüm, EVRİM, 1,  yiyemedik, rezillik...
Sar Kebap,  Dürüm, erdem, 1,  Tuz oranı azaltılmalı.
Sar Kebap,  Belen Tava, BAŞAK, 1,  Tuz oranı azaltılmalı.
Sar Kebap,  Belen Tava, BURCU, 1, Çok geç geldi
Sar Kebap,  Belen Tava, enes, 3, Daha iyisi olabilirdi.
Sar Kebap,  Adana Kebap, EBRU, 4, Harikaydı.
Sar Kebap,  Adana Kebap, BARIŞ, 4, iyiydi
Sar Kebap,  Adana Kebap, FATİH, 2, yenmeyecek kadar kötü
Sar Kebap,  Pirzola, FATİH, 5,  Çok lezzetliydi ve porsiyon boldu.
Sar Kebap,  Pirzola, BURCU, 5, Ellerinize sağlık.
Sar Kebap,  Pirzola, BARIŞ, 2, sipariş eksik gelmişti
Sar Kebap,  Pirzola, EVRİM, 4, Tavsiye ederim.
Sar Kebap,  Pirzola, BAŞAK, 2, Kuruydu ve lezzetsizdi.
Sar Kebap,  Pide, FATİH, 2, Beğenmedim özensizdi...
Sar Kebap,  Pide, BARIŞ, 2, acımsı bir tat vardı
Sar Kebap,  Pide, seyma, 3,  pek lezletli değildi
Sar Kebap,  Pide, EVRİM, 1, Lezzetsiz ayrıca bir mide ağrısı yaptı sebebini bilmiyorum.
Sar Kebap,  Yoğurt Çorbası, BURCU, 4, Oldukça memnun kaldım.
Sar Kebap,  Yoğurt Çorbası, seyma, 3, Hiç önermiyorum.
Sar Kebap,  Yoğurt Çorbası, BARIŞ, 2, çok yağlıydı
Sar Kebap,  Yoğurt Çorbası, BİRSEN, 5, Herşey çok lezzetliydi ellerinize sağlık.
Sar Kebap,  Tarhana Çorbası, BARIŞ, 2, acımsı bir tat vardı
Sar Kebap,  Tarhana Çorbası, seyma, 2, yenmeyecek kadar kötü
Sar Kebap,  Tarhana Çorbası, EVRİM, 1, Çok geç geldi
Sar Kebap,  Gavurdağı Salatası, EBRU, 1,  kötüydü yiyemedik.
Sar Kebap,  Gavurdağı Salatası, BİRSEN, 5, Efsaneydı
Sar Kebap,  Gavurdağı Salatası, enes, 5, Her şeyiyle ef-sa-ne. Daha iyisini henüz yemedim.
Sar Kebap,  Gavurdağı Salatası, FATİH, 1, Çok geç geldi
Sar Kebap,  Şekerpare, erdem, 4, lezzetli ve hızlıydı teşekkürler.
Sar Kebap,  Şekerpare, enes, 1, Lezzet vasatti.
Sar Kebap,  Şekerpare, seyma, 2, Eski kalitenizi ariyorum gercekten.
Sar Kebap,  Şekerpare, BİRSEN, 1, Kötü
Sar Kebap,  Baklava, erdem,3, kötü
Sar Kebap,  Baklava, BARIŞ, 3, tadı hiç güzel değildi, midemi bozdu.
Sar Kebap,  Baklava, EBRU, 5, Herşey çok lezzetliydi ellerinize sağlık.
Sar Kebap,  Ayran, BAŞAK, 2, acımsı bir tat vardı
Sar Kebap,  Ayran, seyma, 1,  kötüydü yiyemedik.
Sar Kebap,  Ayran, BİRSEN, 1, soğuk geldi
Yelken Kafe,  Karışık Pizza, EBRU, 4, Oldukça memnun kaldım.
Yelken Kafe,  Karışık Pizza, BURCU, 5, Ellerinize sağlık.
Yelken Kafe,  Karışık Pizza, seyma, 5, Harikaaaaaaa.
Yelken Kafe,  Dil Peynirli Pizza, erdem, 5,  Çok lezzetliydi ve porsiyon boldu.
Yelken Kafe,  Dil Peynirli Pizza, BAŞAK, 1, Lezzet vasatti.
Yelken Kafe,  Dil Peynirli Pizza, BARIŞ, 3, Fena değil.
Yelken Kafe,  Etli Ravioli, erdem, 4, Lezzet ve kalite harika.
Yelken Kafe,  Etli Ravioli, FATİH, 2, Guzel sayilir.
Yelken Kafe,  Etli Ravioli, enes, 5, Efsaneydı
Yelken Kafe,  Zeytinyağlı Enginar, BARIŞ, 4, lezzetli ve hızlıydı teşekkürler.
Yelken Kafe,  Zeytinyağlı Enginar, BURCU, 5, Çok başarılı, hızlı servis ve lezzetli. Tavsiye ediyorum.
Yelken Kafe,  Zeytinyağlı Enginar, EVRİM, 2, Tadı berbattı
Yelken Kafe,  Mantı, seyma, 1,  Tuz oranı azaltılmalı.
Yelken Kafe,  Mantı, BURCU, 2, tamamını yiyemedim bile:/
Yelken Kafe,  Mantı, EBRU, 4,  taze ve çok lezzetliydi
Yelken Kafe,  Mantı, BARIŞ, 3, Beğenmedik.
Yelken Kafe,  Mantı, BAŞAK, 5, Çok güzeldi.
Yelken Kafe,  Hamburger, FATİH, 4, Bütün lezzetler harikaydı diyebilirim.
Yelken Kafe,  Hamburger, erdem, 5, Harikaaaaaaa.
Yelken Kafe,  Hamburger, enes, 5, Süperdi bayıldım ellerinize sağlık yapan arkadaş çok güzel yapmış.
Yelken Kafe,  Hamburger, EVRİM, 2, Beğenmedim özensizdi...
Yelken Kafe,  Pide, BİRSEN, 1,  yiyemedik, rezillik...
Yelken Kafe,  Pide, EVRİM, 1, Çöpe atmak zorunda kaldık
Yelken Kafe,  Pide, seyma, 5, Ellerinize sağlık.
Yelken Kafe,  Pide, BURCU, 4, Ankaranın en iyisi.
Yelken Kafe,  Pide, BARIŞ, 3,  Eskiden tadi daha iyiydi.
Yelken Kafe,  Sebze Çorbası, erdem, 1, Kötü
Yelken Kafe,  Sebze Çorbası, BARIŞ, 4, Müko.
Yelken Kafe,  Sebze Çorbası, enes, 2, yenmeyecek kadar kötü
Yelken Kafe,  Sebze Çorbası, EVRİM, 5, Güzeldi.
Yelken Kafe,  Havuçlu Nuraniye Salatası, EBRU, 5, Herşey çok lezzetliydi ellerinize sağlık.
Yelken Kafe,  Havuçlu Nuraniye Salatası, BURCU, 3, bence pek başarılı değil.
Yelken Kafe,  Havuçlu Nuraniye Salatası, seyma, 4, Oldukça memnun kaldım.
Yelken Kafe,  Havuçlu Nuraniye Salatası, FATİH, 2, sipariş eksik gelmişti
Yelken Kafe,  Brokoli Salatası, enes, 4, Gayet başarılı.
Yelken Kafe,  Brokoli Salatası, FATİH, 5,  Çok lezzetliydi ve porsiyon boldu.
Yelken Kafe,  Brokoli Salatası, EVRİM, 4, iyiydi
Yelken Kafe,  Brokoli Salatası, erdem, 2, Tadı berbattı
Yelken Kafe,  Frambuazlı Cheesecake, erdem, 3, bence pek başarılı değil.
Yelken Kafe,  Frambuazlı Cheesecake, BARIŞ, 5, Güzeldi.
Yelken Kafe,  Tiramisu, BİRSEN, 4,  Gayet güzel.
Yelken Kafe,  Tiramisu, BARIŞ, 5, Herşey çok lezzetliydi ellerinize sağlık.
Yelken Kafe,  Tiramisu, BURCU, 2, Beğenmedim özensizdi...
Yelken Kafe,  Magnolia, FATİH, 3, Beğendim.
Yelken Kafe,  Magnolia, BURCU, 5, Süperdi bayıldım ellerinize sağlık yapan arkadaş çok güzel yapmış.
Yelken Kafe,  Magnolia, EBRU, 5, Ellerinize sağlık.
Yelken Kafe,  Limonata, erdem, 4, Harikaydı.
Yelken Kafe,  Limonata, seyma, 3,  pek lezletli değildi
Yelken Kafe,  Limonata, EBRU, 1, Çöpe atmak zorunda kaldık
Yelken Kafe,  Limonata, FATİH, 4, Müko.
Köz,  İnegöl Köfte, enes, 4, Gayet başarılı.
Köz,  İnegöl Köfte, BARIŞ, 4, lezzetli ve hızlıydı teşekkürler.
Köz,  İnegöl Köfte, BAŞAK, 3, Doyurucu ve lezzetli.
Köz,  Kuru Fasulye, BİRSEN, 2, sipariş eksik gelmişti
Köz,  Kuru Fasulye, BAŞAK, 4, Gayet başarılı.
Köz,  Kuru Fasulye, BURCU, 5, Bu son siparişte kalbimi çaldınız
Köz,  Dürüm, seyma, 1, Aşırı yağlı.
Köz,  Dürüm, EBRU, 3,  Eskiden tadi daha iyiydi.
Köz,  Dürüm, FATİH, 5, Ellerinize sağlık.
Köz,  Dürüm, erdem, 3, Daha iyisi olabilirdi.
Köz,  Dürüm, BURCU, 3, Doyurucu ve lezzetli.
Köz,  Hamburger, seyma, 5, Harikaaaaaaa.
Köz,  Hamburger, EVRİM, 4, Harikaydı.
Köz,  Hamburger, BİRSEN, 3, Doyurucu ve lezzetli.
Köz,  Hamburger, enes, 3, bence pek başarılı değil.
Köz,  Hamburger, EBRU, 2, Beğenmedim özensizdi...
Köz,  Pide, EVRİM, 3, Fiyat performans.
Köz,  Pide, BİRSEN, 2, Kuruydu ve lezzetsizdi.
Köz,  Pide, BAŞAK, 5, Ellerinize sağlık.
Köz,  Pide, BARIŞ, 5, Herşey çok güzeldi ellerinize sağlık.
Köz,  Pide, BURCU, 4, Gayet başarılı.
Köz,  Tavuk Çorbası, BİRSEN, 4, Bütün lezzetler harikaydı diyebilirim.
Köz,  Tavuk Çorbası, enes, 2, Malesef lezzetsizdi..
Köz,  Tavuk Çorbası, BAŞAK, 4, Gayet başarılı.
Köz,  Sebze Çorbası, EBRU, 2, acımsı bir tat vardı
Köz,  Sebze Çorbası, FATİH, 2, Eski kalitenizi ariyorum gercekten.
Köz,  Sebze Çorbası, BAŞAK, 3,  Gereksiz fazla pahalı.
Köz,  Avokadolu Ton Balıklı Salata, EVRİM, 2, tamamını yiyemedim bile:/
Köz,  Avokadolu Ton Balıklı Salata, BARIŞ, 5, Efsaneydı
Köz,  Avokadolu Ton Balıklı Salata, BİRSEN, 1, soğuk geldi
Köz,  Brokoli Salatası, seyma, 4, Harikaydı.
Köz,  Brokoli Salatası, enes, 3, Doyurucu ve lezzetli.
Köz,  Brokoli Salatası, BAŞAK, 1, Tadı bir garip
Köz,  Brokoli Salatası, EVRİM, 4, Bu işi biliyorsunuz.
Köz,  Brokoli Salatası, FATİH, 3, Fiyat/performans hoşuma gitmedi.
Köz,  Şekerpare, FATİH, 3, Beğenmedik.
Köz,  Şekerpare, BAŞAK, 1, Lezzetsiz ayrıca bir mide ağrısı yaptı sebebini bilmiyorum.
Köz,  Şekerpare, EVRİM, 2,  buz gibiydi.
Köz,  Şekerpare, BİRSEN, 5, Efsaneydı
Köz,  Frambuazlı Cheesecake, FATİH, 4, Harikaydı.
Köz,  Frambuazlı Cheesecake, EVRİM, 3, Çok lezzetsizdi
Köz,  Frambuazlı Cheesecake, seyma, 5, çok taze ve güzeldi.
Köz,  Frambuazlı Cheesecake, EBRU, 4, Aldığı puanı hakediyor.
Köz,  Ayran, EVRİM, 4, lezzetli ve hızlıydı teşekkürler.
Köz,  Ayran, enes, 5, Güzeldi.
Köz,  Limonata, BİRSEN, 2, Kuruydu ve lezzetsizdi.
Köz,  Limonata, EBRU, 1, Çöpe atmak zorunda kaldık
Köz,  Limonata, FATİH, 3, Hiç önermiyorum.
Köz,  Limonata, BARIŞ, 5, Efsaneydı
Köz,  Limonata, erdem, 5, Bu son siparişte kalbimi çaldınız
Kahve Dünyası,  Frambuazlı Cheesecake, enes, 2, çok yağlıydı
Kahve Dünyası,  Frambuazlı Cheesecake, BAŞAK, 3,  Gereksiz fazla pahalı.
Kahve Dünyası,  Frambuazlı Cheesecake, BURCU, 3, Yemek güzeldi
Kahve Dünyası,  Frambuazlı Cheesecake, BARIŞ, 4, Harikaydı.
Kahve Dünyası,  Frambuazlı Cheesecake, BİRSEN, 1, Bayattı mikro dalgada ısıtıp getirmişler.
Kahve Dünyası,  Alman Pastası, seyma, 2, Malesef lezzetsizdi..
Kahve Dünyası,  Alman Pastası, enes, 2, Beğenmedim özensizdi...
Kahve Dünyası,  Alman Pastası, BAŞAK, 1, Çok kuruydu
Kahve Dünyası,  Havuçlu Kek, BARIŞ, 1, Çöpe atmak zorunda kaldık
Kahve Dünyası,  Havuçlu Kek, enes, 2,  Tekrar sipariş vermem.
Kahve Dünyası,  Havuçlu Kek, FATİH, 3, Yemek güzeldi
Kahve Dünyası,  Cupcake, seyma, 5, Mukemmel hizmet.
Kahve Dünyası,  Cupcake, FATİH, 4, Oldukça memnun kaldım.
Kahve Dünyası,  Cupcake, BURCU, 5, çok taze ve güzeldi.
Kahve Dünyası,  Brownie, FATİH, 3, Beğenmedik.
Kahve Dünyası,  Brownie, BARIŞ, 2, hiç güzel değildi.
Kahve Dünyası,  Brownie, BURCU, 1, Çok lezzetsizdi
Kahve Dünyası,  Dilim Pasta, erdem, 2, Tadı berbattı
Kahve Dünyası,  Dilim Pasta, BARIŞ, 3, Fena değil.
Kahve Dünyası,  Dilim Pasta, BİRSEN, 2, Guzel sayilir.
Kahve Dünyası,  Tiramisu, BAŞAK, 5, Çok güzeldi.
Kahve Dünyası,  Tiramisu, FATİH, 4, Gayet başarılı.
Kahve Dünyası,  Tiramisu, enes, 4,  taze ve çok lezzetliydi
Kahve Dünyası,  Salep, FATİH, 2, Tadı berbattı
Kahve Dünyası,  Salep, erdem, 4, Bu işi biliyorsunuz.
Kahve Dünyası,  Salep, BARIŞ, 2,  Tekrar sipariş vermem.
Kahve Dünyası,  Salep, enes, 3, Hiç önermiyorum.
Kahve Dünyası,  Salep, BAŞAK, 5, Çok güzeldi.
Kahve Dünyası,  Türk Kahvesi, BAŞAK, 2, Tadı berbattı
Kahve Dünyası,  Türk Kahvesi, FATİH, 1,  Tuz oranı azaltılmalı.
Kahve Dünyası,  Türk Kahvesi, EBRU, 3, Daha iyisi olabilirdi.
Kahve Dünyası,  Türk Kahvesi, enes, 5, Herşey çok lezzetliydi ellerinize sağlık.
Kahve Dünyası,  Türk Kahvesi, BURCU, 5, Ellerinize sağlık.
Kahve Dünyası,  Limonata, BURCU, 1,  kötüydü yiyemedik.
Kahve Dünyası,  Limonata, enes, 3, tadı hiç güzel değildi, midemi bozdu.
Kahve Dünyası,  Limonata, BARIŞ, 5, Her şeyiyle ef-sa-ne. Daha iyisini henüz yemedim.
Turta Home Cafe,  Dil Peynirli Pizza, EBRU, 3, tadı hiç güzel değildi, midemi bozdu.
Turta Home Cafe,  Dil Peynirli Pizza, enes, 4, tadı görseli paketlemesi iyiydi.
Turta Home Cafe,  Dil Peynirli Pizza, BAŞAK, 3,  Gereksiz fazla pahalı.
Turta Home Cafe,  Dil Peynirli Pizza, EVRİM, 2,  buz gibiydi.
Turta Home Cafe,  Mantı, BARIŞ, 2, tamamını yiyemedim bile:/
Turta Home Cafe,  Mantı, FATİH, 2,  buz gibiydi.
Turta Home Cafe,  Mantı, EBRU, 2, Beğenmedim özensizdi.
Turta Home Cafe,  Hamburger, FATİH, 2,  buz gibiydi.
Turta Home Cafe,  Hamburger, enes, 5, Süperdi bayıldım ellerinize sağlık yapan arkadaş çok güzel yapmış.
Turta Home Cafe,  Hamburger, BAŞAK, 5, Süperdi bayıldım ellerinize sağlık yapan arkadaş çok güzel yapmış.
Turta Home Cafe,  Hamburger, erdem, 3, Daha iyisi olabilirdi.
Turta Home Cafe,  Avokadolu Ton Balıklı Salata, seyma, 1, Kötü
Turta Home Cafe,  Avokadolu Ton Balıklı Salata, BURCU, 2, Kuruydu ve lezzetsizdi.
Turta Home Cafe,  Avokadolu Ton Balıklı Salata, EVRİM, 4, Oldukça memnun kaldım.
Turta Home Cafe,  Frambuazlı Cheesecake, FATİH, 2,  Tekrar sipariş vermem.
Turta Home Cafe,  Frambuazlı Cheesecake, EBRU, 5, Çok başarılı, hızlı servis ve lezzetli. Tavsiye ediyorum.
Turta Home Cafe,  Alman Pastası, EBRU, 4, Bütün lezzetler harikaydı diyebilirim.
Turta Home Cafe,  Alman Pastası, erdem, 3,  pek lezletli değildi
Turta Home Cafe,  Alman Pastası, seyma, 5, Mukemmel hizmet.
Turta Home Cafe,  Alman Pastası, enes, 4, Müko.
Turta Home Cafe,  Cupcake, BİRSEN, 4, Bu işi biliyorsunuz.
Turta Home Cafe,  Cupcake, BARIŞ, 5, Her şeyiyle ef-sa-ne. Daha iyisini henüz yemedim.
Turta Home Cafe,  Cupcake, BAŞAK, 4, Bu işi biliyorsunuz.
Turta Home Cafe,  Brownie, BARIŞ, 5,  Çok lezzetliydi ve porsiyon boldu.
Turta Home Cafe,  Brownie, FATİH, 4, Müko.
Turta Home Cafe,  Brownie, EBRU, 3, Doyurucu ve lezzetli.
Turta Home Cafe,  Sufle, BİRSEN, 4, Ankaranın en iyisi.
Turta Home Cafe,  Sufle, BARIŞ, 1, Kötü
Turta Home Cafe,  Sufle, FATİH, 1,  kötüydü yiyemedik.
Turta Home Cafe,  Sufle, EVRİM, 5,  Çok lezzetliydi ve porsiyon boldu.
Turta Home Cafe,  Türk Kahvesi, EVRİM, 2, tamamını yiyemedim bile:/
Turta Home Cafe,  Türk Kahvesi, seyma, 1, soğuk geldi
Turta Home Cafe,  Türk Kahvesi, erdem, 2,  Tavsiye etmem.
Turta Home Cafe,  Portakal Suyu, EBRU, 2, çok yağlıydı
Turta Home Cafe,  Portakal Suyu, BAŞAK, 1, Rezalet, Çok kötü
Turta Home Cafe,  Portakal Suyu, FATİH, 4, Ankaranın en iyisi.
Turta Home Cafe,  Portakal Suyu, BİRSEN, 3, bence pek başarılı değil.
Konyalı Hacı Usta,  İskender, BURCU, 5, Herşey çok lezzetliydi ellerinize sağlık.
Konyalı Hacı Usta,  İskender, BAŞAK, 1, Çöpe atmak zorunda kaldık
Konyalı Hacı Usta,  İnegöl Köfte, BARIŞ, 1, Çok geç geldi
Konyalı Hacı Usta,  İnegöl Köfte, BİRSEN, 5, çok taze ve güzeldi.
Konyalı Hacı Usta,  İnegöl Köfte, FATİH, 2, hiç güzel değildi.
Konyalı Hacı Usta,  İnegöl Köfte, EBRU, 2,  Tavsiye etmem.
Konyalı Hacı Usta,  İnegöl Köfte, EVRİM, 4, Aldığı puanı hakediyor.
Konyalı Hacı Usta,  Özbek Pilavı, BİRSEN, 2,  Tekrar sipariş vermem.
Konyalı Hacı Usta,  Özbek Pilavı, BAŞAK, 4, Oldukça memnun kaldım.
Konyalı Hacı Usta,  Özbek Pilavı, erdem, 4, Müko.
Konyalı Hacı Usta,  Özbek Pilavı, enes, 2, Eski kalitenizi ariyorum gercekten.
Konyalı Hacı Usta,  Dürüm, EBRU, 1,  Tuz oranı azaltılmalı.
Konyalı Hacı Usta,  Dürüm, erdem, 1, Bayattı mikro dalgada ısıtıp getirmişler.
Konyalı Hacı Usta,  Dürüm, FATİH, 4, iyiydi
Konyalı Hacı Usta,  Belen Tava, EBRU, 5, Harika tek kelimeyle.
Konyalı Hacı Usta,  Belen Tava, erdem, 1, Çok geç geldi
Konyalı Hacı Usta,  Belen Tava, BAŞAK, 4, Lezzet beklentimin üstündeydi. Memnun kaldım.
Konyalı Hacı Usta,  Belen Tava, BARIŞ, 1,  kötüydü yiyemedik.
Konyalı Hacı Usta,  Adana Kebap, BURCU, 5, Güzeldi.
Konyalı Hacı Usta,  Adana Kebap, BİRSEN, 2, Kuruydu ve lezzetsizdi.
Konyalı Hacı Usta,  Adana Kebap, EBRU, 3, tadı hiç güzel değildi, midemi bozdu.
Konyalı Hacı Usta,  Pide, enes, 5,  Çok lezzetliydi ve porsiyon boldu.
Konyalı Hacı Usta,  Pide, BARIŞ, 3, Daha iyisi olabilirdi.
Konyalı Hacı Usta,  Pide, seyma, 4, Müko.
Konyalı Hacı Usta,  Pide, FATİH, 2, tamamını yiyemedim bile:/
Konyalı Hacı Usta,  Pide, BURCU, 5, Harikaaaaaaa.
Konyalı Hacı Usta,  Sebze Çorbası, erdem, 5, Harikaaaaaaa.
Konyalı Hacı Usta,  Sebze Çorbası, enes, 1, Çok geç geldi
Konyalı Hacı Usta,  Sebze Çorbası, BURCU, 1, Lezzetsiz ayrıca bir mide ağrısı yaptı sebebini bilmiyorum.
Konyalı Hacı Usta,  Yoğurt Çorbası, BURCU, 4, Gayet başarılı.
Konyalı Hacı Usta,  Yoğurt Çorbası, BİRSEN, 5, Güzeldi.
Konyalı Hacı Usta,  Yoğurt Çorbası, BARIŞ, 3, Hiç önermiyorum.
Konyalı Hacı Usta,  Gavurdağı Salatası, BİRSEN, 1,  Tuz oranı azaltılmalı.
Konyalı Hacı Usta,  Gavurdağı Salatası, erdem, 3,  Eskiden tadi daha iyiydi.
Konyalı Hacı Usta,  Gavurdağı Salatası, FATİH, 2, çok yağlıydı
Konyalı Hacı Usta,  Gavurdağı Salatası, enes, 5, çok taze ve güzeldi.
Konyalı Hacı Usta,  Şekerpare, enes, 5, Herşey çok lezzetliydi ellerinize sağlık.
Konyalı Hacı Usta,  Şekerpare, erdem, 3,  Eskiden tadi daha iyiydi.
Konyalı Hacı Usta,  Şekerpare, BURCU, 5, Herşey çok güzeldi ellerinize sağlık.
Konyalı Hacı Usta,  Şekerpare, BARIŞ, 1, Çöpe atmak zorunda kaldık .
Konyalı Hacı Usta,  Baklava, BAŞAK, 3,  Gereksiz fazla pahalı.
Konyalı Hacı Usta,  Baklava, seyma, 2, Beğenmedim özensizdi...
Konyalı Hacı Usta,  Baklava, erdem, 1, Bayattı mikro dalgada ısıtıp getirmişler.
Konyalı Hacı Usta,  Baklava, EBRU, 1, Aşırı yağlı.
Konyalı Hacı Usta,  Baklava, enes, 3, Sıcak geldi
Konyalı Hacı Usta,  Ayran, FATİH, 1, Tadı bir garip
Konyalı Hacı Usta,  Ayran, BURCU, 2, çok yağlıydı
Konyalı Hacı Usta,  Ayran, enes, 3, Beğendim.
Etlik Mangal,  İnegöl Köfte, BAŞAK, 4,  Gayet güzel.
Etlik Mangal,  İnegöl Köfte, FATİH, 4, iyiydi
Etlik Mangal,  İnegöl Köfte, enes, 1, Bayattı mikro dalgada ısıtıp getirmişler.
Etlik Mangal,  İnegöl Köfte, seyma, 4, Harikaydı.
Etlik Mangal,  Alabalık, FATİH, 2,  buz gibiydi.
Etlik Mangal,  Alabalık, BURCU, 5, Süperdi bayıldım ellerinize sağlık yapan arkadaş çok güzel yapmış.
Etlik Mangal,  Alabalık, BİRSEN, 4, Bu işi biliyorsunuz.
Etlik Mangal,  Alabalık, EBRU, 3, Doyurucu ve lezzetli.
Etlik Mangal,  Çipura, enes, 5, Harika tek kelimeyle.
Etlik Mangal,  Çipura, EBRU, 2,  Tavsiye etmem.
Etlik Mangal,  Çipura, BARIŞ, 5, Süperdi bayıldım ellerinize sağlık yapan arkadaş çok güzel yapmış.
Etlik Mangal,  Dana Rosto, EVRİM, 4, Bütün lezzetler harikaydı diyebilirim.
Etlik Mangal,  Dana Rosto, EBRU, 3, Doyurucu ve lezzetli.
Etlik Mangal,  Dana Rosto, enes, 3, tadı hiç güzel değildi, midemi bozdu.
Etlik Mangal,  Adana Kebap, BİRSEN, 5, Ellerinize sağlık.
Etlik Mangal,  Adana Kebap, enes, 2, Tadı berbattı
Etlik Mangal,  Adana Kebap, BARIŞ, 3,  Gereksiz fazla pahalı.
Etlik Mangal,  Pirzola, EBRU, 2, sipariş eksik gelmişti
Etlik Mangal,  Pirzola, BİRSEN, 3, Fiyat performans.
Etlik Mangal,  Pirzola, BİRSEN, 3, bence pek başarılı değil.
Etlik Mangal,  Gavurdağı Salatası, BURCU, 2, hiç güzel değildi.
Etlik Mangal,  Gavurdağı Salatası, seyma, 2, Beğenmedim özensizdi...
Etlik Mangal,  Gavurdağı Salatası, erdem, 3, Fena değil.
Etlik Mangal,  Baklava, BARIŞ, 3, Fiyat performans.
Etlik Mangal,  Baklava, enes, 4, iyiydi
Etlik Mangal,  Baklava, BURCU, 3,  Gereksiz fazla pahalı.
Etlik Mangal,  Ayran, FATİH, 2, Kuruydu ve lezzetsizdi.
Etlik Mangal,  Ayran, BURCU, 1, Kötü
Etlik Mangal,  Ayran, seyma, 1, Bayattı mikro dalgada ısıtıp getirmişler.
Etlik Mangal,  Ayran, erdem, 1, soğuk geldi
Köfteci Ramiz,  İnegöl Köfte, enes, 3,  Gereksiz fazla pahalı.
Köfteci Ramiz,  İnegöl Köfte, erdem, 2, acımsı bir tat vardı
Köfteci Ramiz,  İnegöl Köfte, BURCU, 4, Aldığı puanı hakediyor.
Köfteci Ramiz,  İnegöl Köfte, EBRU, 5, Güzeldi.
Köfteci Ramiz,  Özbek Pilavı, seyma, 5, Mukemmel hizmet.
Köfteci Ramiz,  Özbek Pilavı, EBRU, 4, Lezzet ve kalite harika.
Köfteci Ramiz,  Özbek Pilavı, FATİH, 4, Tavsiye ederim.
Köfteci Ramiz,  Dürüm, BAŞAK, 5, Her şeyiyle ef-sa-ne. Daha iyisini henüz yemedim.
Köfteci Ramiz,  Dürüm, seyma, 1,  Tuz oranı azaltılmalı.
Köfteci Ramiz,  Dürüm, erdem, 5, çok taze ve güzeldi.
Köfteci Ramiz,  Dürüm, BARIŞ, 1,  Tuz oranı azaltılmalı.
Köfteci Ramiz,  Nohut Köftesi, erdem, 2, tamamını yiyemedim bile:/
Köfteci Ramiz,  Nohut Köftesi, enes, 2, Tadı berbattı
Köfteci Ramiz,  Nohut Köftesi, EBRU, 2, Malesef lezzetsizdi..
Köfteci Ramiz,  Nohut Köftesi, FATİH, 3, Sıcak geldi
Köfteci Ramiz,  Adana Kebap, BARIŞ, 1,  yiyemedik, rezillik...
Köfteci Ramiz,  Adana Kebap, FATİH, 2, Beğenmedim özensizdi...
Köfteci Ramiz,  Adana Kebap, enes, 2, yenmeyecek kadar kötü
Köfteci Ramiz,  Adana Kebap, BURCU, 1, Çöpe atmak zorunda kaldık
Köfteci Ramiz,  Hamburger, FATİH, 1, Rezalet, Çok kötü
Köfteci Ramiz,  Hamburger, enes, 3, Fena değil.
Köfteci Ramiz,  Hamburger, seyma, 3, Beğendim.
Köfteci Ramiz,  Hamburger, BURCU, 5, çok taze ve güzeldi.
Köfteci Ramiz,  Hamburger, BARIŞ, 5, Bu son siparişte kalbimi çaldınız
Köfteci Ramiz,  Tavuk Çorbası, erdem, 4, tadı görseli paketlemesi iyiydi.
Köfteci Ramiz,  Tavuk Çorbası, BURCU, 3, Fena değil.
Köfteci Ramiz,  Tavuk Çorbası, BAŞAK, 5, Herşey çok lezzetliydi ellerinize sağlık.
Köfteci Ramiz,  Tavuk Çorbası, enes, 4,  taze ve çok lezzetliydi
Köfteci Ramiz,  Ayran, BİRSEN, 3,  Gereksiz fazla pahalı.
Köfteci Yusuf,  İnegöl Köfte, erdem, 5, Herşey çok lezzetliydi ellerinize sağlık.
Köfteci Yusuf,  İnegöl Köfte, seyma, 5, Herşey çok lezzetliydi ellerinize sağlık.
Köfteci Yusuf,  İnegöl Köfte, enes, 1, Çok lezzetsizdi
Köfteci Yusuf,  İnegöl Köfte, BURCU, 5, Herşey çok lezzetliydi ellerinize sağlık.
Köfteci Yusuf,  Adana Kebap, enes, 3, Fiyat/performans hoşuma gitmedi.
Köfteci Yusuf,  Adana Kebap, BARIŞ, 2, hiç güzel değildi.
Köfteci Yusuf,  Adana Kebap, EVRİM, 3, Sıcak geldi
Köfteci Yusuf,  Adana Kebap, BİRSEN, 2, Kuruydu ve lezzetsizdi.
Köfteci Yusuf,  Ayran, erdem, 2, hiç güzel değildi.
Köfteci Yusuf,  Portakal Suyu, enes, 2, çok yağlıydı
Köfteci Yusuf,  Portakal Suyu, BARIŞ, 4,  taze ve çok lezzetliydi
Burger King,  Hamburger, seyma, 2, Eski kalitenizi ariyorum gercekten.
Burger King,  Hamburger, EVRİM, 1, Kötü
Burger King,  Hamburger, BURCU, 1, Lezzetsiz ayrıca bir mide ağrısı yaptı sebebini bilmiyorum.
Burger King,  Hamburger, BİRSEN, 4, Oldukça memnun kaldım.
Burger King,  Ayran, seyma, 3, Doyurucu ve lezzetli.
Burger King,  Ayran, EBRU, 2, Malesef lezzetsizdi..
Burger King,  Ayran, EVRİM, 3,  Gereksiz fazla pahalı.
Burger King,  Ayran, BİRSEN, 5, Harika tek kelimeyle.
Nacho,  Hamburger, erdem, 5, Mukemmel hizmet.
Nacho,  Hamburger, seyma, 1, Çok geç geldi
Nacho,  Hamburger, BARIŞ, 2, Kuruydu ve lezzetsizdi.
Nacho,  Hamburger, BAŞAK, 5, Efsaneydı
Nacho,  Pide, BARIŞ, 3, Guzel sayilir.
Nacho,  Pide, EBRU, 2, Tadı berbattı
Nacho,  Pide, enes, 2, Guzel sayilir.
Nacho,  Pide, BAŞAK, 1, Bayattı mikro dalgada ısıtıp getirmişler.
Nacho,  Avokadolu Ton Balıklı Salata, BAŞAK, 2, Kuruydu ve lezzetsizdi.
Nacho,  Avokadolu Ton Balıklı Salata, EBRU, 4, iyiydi
Nacho,  Avokadolu Ton Balıklı Salata, BURCU, 3, Daha iyisi olabilirdi.
Nacho,  Sebze Çorbası, EBRU, 2,  Tekrar sipariş vermem.
Nacho,  Sebze Çorbası, seyma, 3, bence pek başarılı değil.
Nacho,  Sebze Çorbası, BARIŞ, 3,  Eskiden tadi daha iyiydi.
Nacho,  Tarhana Çorbası, FATİH, 4, Gayet başarılı.
Nacho,  Tarhana Çorbası, BİRSEN, 5, Bu son siparişte kalbimi çaldınız
Nacho,  Tarhana Çorbası, EBRU, 3, Beğendim.
Nacho,  Tarhana Çorbası, seyma, 5, Efsaneydı
Nacho,  Brokoli Salatası, BURCU, 2, Kuruydu ve lezzetsizdi.
Nacho,  Brokoli Salatası, seyma, 1, Aşırı yağlı.
Nacho,  Frambuazlı Cheesecake, BARIŞ, 2, acımsı bir tat vardı
Nacho,  Frambuazlı Cheesecake, EVRİM, 2, yenmeyecek kadar kötü
Nacho,  Frambuazlı Cheesecake, BAŞAK, 1, soğuk geldi
Nacho,  Frambuazlı Cheesecake, erdem, 3, tadı hiç güzel değildi, midemi bozdu.
Nacho,  Frambuazlı Cheesecake, seyma, 2, tamamını yiyemedim bile:/
Nacho,  Alman Pastası, BİRSEN, 2, Guzel sayilir.
Nacho,  Alman Pastası, BARIŞ, 4, Tavsiye ederim.
Nacho,  Alman Pastası, EVRİM, 1, Kötü
Nacho,  Havuçlu Kek, BAŞAK, 4, Lezzet ve kalite harika.
Nacho,  Havuçlu Kek, EVRİM, 1, Kötü
Nacho,  Havuçlu Kek, enes, 2,  buz gibiydi.
Nacho,  Havuçlu Kek, BİRSEN, 4, Bu işi biliyorsunuz.
Nacho,  Cupcake, BİRSEN, 1, Bayattı mikro dalgada ısıtıp getirmişler.
Nacho,  Cupcake, erdem, 5, Herşey çok güzeldi ellerinize sağlık.
Nacho,  Cupcake, BAŞAK, 5, Mukemmel hizmet.
Nacho,  Dilim Pasta, BAŞAK, 2, Malesef lezzetsizdi..
Nacho,  Dilim Pasta, BİRSEN, 3,  Eskiden tadi daha iyiydi.
Nacho,  Dilim Pasta, enes, 2, Malesef lezzetsizdi..
Nacho,  Dilim Pasta, seyma, 4, Gayet başarılı.
Nacho,  Dilim Pasta, FATİH, 5, Efsaneydı
Nacho,  Tiramisu, erdem, 1, Çok kuruydu
Nacho,  Tiramisu, enes, 5,  Çok lezzetliydi ve porsiyon boldu.
Nacho,  Tiramisu, BİRSEN, 2, yenmeyecek kadar kötü
Nacho,  Tiramisu, BAŞAK, 5, Herşey çok lezzetliydi ellerinize sağlık.
Nacho,  Magnolia, BURCU, 2,  Tekrar sipariş vermem.
Nacho,  Magnolia, BİRSEN, 1, Çöpe atmak zorunda kaldık
Nacho,  Magnolia, enes, 3, bence pek başarılı değil.
Nacho,  Magnolia, seyma, 3, Sıcak geldi
Nacho,  Magnolia, EBRU, 2, Beğenmedim özensizdi...
Nacho,  Türk Kahvesi, BİRSEN, 4, Lezzet ve kalite harika.
Nacho,  Türk Kahvesi, BAŞAK, 4, Aldığı puanı hakediyor.
Nacho,  Türk Kahvesi, BURCU, 2, hiç güzel değildi.
Nacho,  Limonata, BAŞAK, 2,  Tekrar sipariş vermem.
Nacho,  Limonata, erdem, 4, iyiydi
Nacho,  Limonata, BARIŞ, 2, Malesef lezzetsizdi..
Nacho,  Limonata, enes, 2, yenmeyecek kadar kötü
Mutlu Pide,  İskender, BURCU, 5, Harika tek kelimeyle.
Mutlu Pide,  İskender, EVRİM, 4, Gayet başarılı.
Mutlu Pide,  İskender, enes, 5, Çok beğendim
Mutlu Pide,  Dürüm, FATİH, 4, Harikaydı.
Mutlu Pide,  Dürüm, EBRU, 5, Harika tek kelimeyle.
Mutlu Pide,  Dürüm, BAŞAK, 3, Fena değil.
Mutlu Pide,  Dürüm, seyma, 5, Efsaneydı
Mutlu Pide,  Belen Tava, BAŞAK, 4, iyiydi
Mutlu Pide,  Belen Tava, FATİH, 3, bence pek başarılı değil.
Mutlu Pide,  Belen Tava, enes, 2, tamamını yiyemedim bile:/
Mutlu Pide,  Belen Tava, seyma, 5, Herşey çok lezzetliydi ellerinize sağlık.
Mutlu Pide,  Pide, BURCU, 3,  Eskiden tadi daha iyiydi.
Mutlu Pide,  Pide, EBRU, 1,  Tuz oranı azaltılmalı.
Mutlu Pide,  Pide, BAŞAK, 4, tadı görseli paketlemesi iyiydi.
Mutlu Pide,  Pide, FATİH, 1, Lezzetsiz ayrıca bir mide ağrısı yaptı sebebini bilmiyorum.
Mutlu Pide,  Tulumba, BAŞAK, 5, Herşey çok lezzetliydi ellerinize sağlık.
Mutlu Pide,  Tulumba, EVRİM, 5, Harikaaaaaaa.
Mutlu Pide,  Şekerpare, enes, 2, tamamını yiyemedim bile:/
Mutlu Pide,  Şekerpare, seyma, 5, Ellerinize sağlık.
Mutlu Pide,  Şekerpare, BİRSEN, 4, Müko.
Mutlu Pide,  Şekerpare, erdem, 4, Aldığı puanı hakediyor.
Mutlu Pide,  Şekerpare, BAŞAK, 5,  Çok lezzetliydi ve porsiyon boldu.
Mutlu Pide,  Ayran, BURCU, 3, Fena değil.
Mutlu Pide,  Ayran, seyma, 5, çok taze ve güzeldi.
Mutlu Pide,  Ayran, FATİH, 4, Ankaranın en iyisi.
Öz Yemek Sepeti,  Dil Peynirli Pizza, BAŞAK, 5, Süperdi bayıldım ellerinize sağlık yapan arkadaş çok güzel yapmış.
Öz Yemek Sepeti,  Dil Peynirli Pizza, EVRİM, 4, lezzetli ve hızlıydı teşekkürler.
Öz Yemek Sepeti,  Sucuklu Pizza, BİRSEN, 1,  yiyemedik, rezillik...
Öz Yemek Sepeti,  Sucuklu Pizza, EVRİM, 4, Ankaranın en iyisi.
Öz Yemek Sepeti,  Sucuklu Pizza, BURCU, 2, sipariş eksik gelmişti
Öz Yemek Sepeti,  Sucuklu Pizza, seyma, 4, Harikaydı.
Öz Yemek Sepeti,  İnegöl Köfte, enes, 4,  Gayet güzel.
Öz Yemek Sepeti,  İnegöl Köfte, FATİH, 3, Beğendim.
Öz Yemek Sepeti,  Kuru Fasulye, BARIŞ, 4, Oldukça memnun kaldım.
Öz Yemek Sepeti,  Kuru Fasulye, BURCU, 3, Fena değil.
Öz Yemek Sepeti,  Kuru Fasulye, erdem, 5, Ellerinize sağlık.
Öz Yemek Sepeti,  Kuru Fasulye, enes, 3, Fiyat/performans hoşuma gitmedi.
Öz Yemek Sepeti,  Özbek Pilavı, BARIŞ, 4, Bu işi biliyorsunuz.
Öz Yemek Sepeti,  Özbek Pilavı, BİRSEN, 4,  Gayet güzel.
Öz Yemek Sepeti,  Etli Ravioli, EBRU, 3, Yemek güzeldi
Öz Yemek Sepeti,  Etli Ravioli, seyma, 4, tadı görsel paketlemesi iyiydi.
Öz Yemek Sepeti,  Etli Ravioli, BAŞAK, 3, Fena değil.
Öz Yemek Sepeti,  Dürüm, enes, 5, Bu son siparişte kalbimi çaldınız
Öz Yemek Sepeti,  Dürüm, EBRU, 3, Beğenmedik.
Öz Yemek Sepeti,  Dürüm, FATİH, 4, Bütün lezzetler harikaydı diyebilirim.
Öz Yemek Sepeti,  Dürüm, EVRİM, 4, Ankaranın en iyisi.
Öz Yemek Sepeti,  Dana Rosto, seyma, 5, çok taze ve güzeldi.
Öz Yemek Sepeti,  Dana Rosto, BURCU, 5, çok taze ve güzeldi.
Öz Yemek Sepeti,  Dana Rosto, FATİH, 4, Müko.
Öz Yemek Sepeti,  Nohut Köftesi, BİRSEN, 1, Çok kuruydu
Öz Yemek Sepeti,  Nohut Köftesi, EVRİM, 1, Aşırı yağlı.
Öz Yemek Sepeti,  Nohut Köftesi, BARIŞ, 1, soğuk geldi
Öz Yemek Sepeti,  Belen Tava, BURCU, 3, Yemek güzeldi
Öz Yemek Sepeti,  Belen Tava, BURCU, 3, Fena değil.
Öz Yemek Sepeti,  Belen Tava, FATİH, 5, Ellerinize sağlık.
Öz Yemek Sepeti,  Adana Kebap, EVRİM, 3, Fiyat performans.
Öz Yemek Sepeti,  Adana Kebap, enes, 2, çok yağlıydı
Öz Yemek Sepeti,  Adana Kebap, seyma, 5, Çok başarılı, hızlı servis ve lezzetli. Tavsiye ediyorum.
Öz Yemek Sepeti,  Adana Kebap, FATİH, 4,  Gayet güzel.
Öz Yemek Sepeti,  Mantı, BAŞAK, 3, Sıcak geldi
Öz Yemek Sepeti,  Mantı, enes, 1, Çok lezzetsizdi
Öz Yemek Sepeti,  Mantı, EBRU, 2, Guzel sayilir.
Öz Yemek Sepeti,  Mantı, erdem, 2,  Tavsiye etmem.
Öz Yemek Sepeti,  Hamsi, BİRSEN, 1,  Tuz oranı azaltılmalı.
Öz Yemek Sepeti,  Hamsi, erdem, 2, hiç güzel değildi.
Öz Yemek Sepeti,  Hamsi, BAŞAK, 1, Çok lezzetsizdi
Öz Yemek Sepeti,  Hamsi, BURCU, 3, Yemek güzeldi
Öz Yemek Sepeti,  Hamsi, enes, 3, Hiç önermiyorum.
Öz Yemek Sepeti,  Sebze Çorbası, enes, 4, Oldukça memnun kaldım.
Öz Yemek Sepeti,  Sebze Çorbası, seyma, 2, yenmeyecek kadar kötü
Öz Yemek Sepeti,  Sebze Çorbası, BİRSEN, 4, Ankaranın en iyisi.
Öz Yemek Sepeti,  Sebze Çorbası, erdem, 2, yenmeyecek kadar kötü
Öz Yemek Sepeti,  Yoğurt Çorbası, enes, 5, Mukemmel hizmet.
Öz Yemek Sepeti,  Yoğurt Çorbası, BİRSEN, 5, Her şeyiyle ef-sa-ne. Daha iyisini henüz yemedim.
Öz Yemek Sepeti,  Yoğurt Çorbası, FATİH, 5, Çok güzeldi.
Öz Yemek Sepeti,  Havuçlu Nuraniye Salatası, BURCU, 4, Bütün lezzetler harikaydı diyebilirim.
Öz Yemek Sepeti,  Havuçlu Nuraniye Salatası, FATİH, 5, Harikaaaaaaa.
Öz Yemek Sepeti,  Havuçlu Nuraniye Salatası, enes, 3,  pek lezletli değildi
Öz Yemek Sepeti,  Havuçlu Nuraniye Salatası, EBRU, 4, Ankaranın en iyisi.
Öz Yemek Sepeti,  Havuçlu Nuraniye Salatası, seyma, 4, Lezzet ve kalite harika.
Öz Yemek Sepeti,  Avokadolu Ton Balıklı Salata, enes, 2, Malesef lezzetsizdi..
Öz Yemek Sepeti,  Avokadolu Ton Balıklı Salata, BURCU, 3, Fiyat/performans hoşuma gitmedi.
Öz Yemek Sepeti,  Avokadolu Ton Balıklı Salata, seyma, 3,  Eskiden tadi daha iyiydi.
Öz Yemek Sepeti,  Revani, EVRİM, 5, Efsaneydı
Öz Yemek Sepeti,  Revani, BURCU, 5, Çok güzeldi.
Öz Yemek Sepeti,  Şekerpare, seyma, 5, Her şeyiyle ef-sa-ne. Daha iyisini henüz yemedim.
Öz Yemek Sepeti,  Şekerpare, EBRU, 5, Mukemmel hizmet.
Öz Yemek Sepeti,  Şekerpare, FATİH, 2, Malesef lezzetsizdi..
Öz Yemek Sepeti,  Alman Pastası, enes, 2, Malesef lezzetsizdi..
Öz Yemek Sepeti,  Alman Pastası, BURCU, 1, soğuk geldi
Öz Yemek Sepeti,  Alman Pastası, BARIŞ, 3, Hiç önermiyorum.
Öz Yemek Sepeti,  Brownie, seyma, 3, Beğenmedik.
Öz Yemek Sepeti,  Brownie, EBRU, 2, acımsı bir tat vardı
Öz Yemek Sepeti,  Brownie, FATİH, 3,  Eskiden tadi daha iyiydi.
Öz Yemek Sepeti,  Brownie, BARIŞ, 2, hiç güzel değildi.
Öz Yemek Sepeti,  Baklava, BAŞAK, 2, çok yağlıydı
Öz Yemek Sepeti,  Baklava, EVRİM, 4, iyiydi
Öz Yemek Sepeti,  Baklava, EBRU, 2,  Tavsiye etmem.
Öz Yemek Sepeti,  Ayran, enes, 5,  Çok lezzetliydi ve porsiyon boldu.
Öz Yemek Sepeti,  Ayran, erdem, 2,  Tekrar sipariş vermem.
Öz Yemek Sepeti,  Ayran, EVRİM, 5, Süperdi bayıldım ellerinize sağlık yapan arkadaş çok güzel yapmış.
Öz Yemek Sepeti,  Portakal Suyu, seyma, 5, çok taze ve güzeldi.
Öz Yemek Sepeti,  Portakal Suyu, BARIŞ, 4, Tavsiye ederim.
Öz Yemek Sepeti,  Portakal Suyu, BİRSEN, 1, Çok lezzetsizdi
Öz Yemek Sepeti,  Portakal Suyu, erdem, 3, Fiyat/performans hoşuma gitmedi.
Balık Sarayı,  Alabalık, BİRSEN, 5, Çok güzeldi.
Balık Sarayı,  Alabalık, enes, 4, Lezzet beklentimin üstündeydi. Memnun kaldım.
Balık Sarayı,  Alabalık, EVRİM, 4, Oldukça memnun kaldım.
Balık Sarayı,  Çipura, BİRSEN, 4, Oldukça memnun kaldım.
Balık Sarayı,  Çipura, enes, 3, Beğendim.
Balık Sarayı,  Çipura, EBRU, 1,  Tuz oranı azaltılmalı.
Balık Sarayı,  Hamsi, EBRU, 1, Lezzet vasatti.
Balık Sarayı,  Hamsi, seyma, 5, Herşey çok lezzetliydi ellerinize sağlık.
Balık Sarayı,  Hamsi, erdem, 4, Gayet başarılı.
Balık Sarayı,  Gavurdağı Salatası, EBRU, 3, Beğendim.
Balık Sarayı,  Gavurdağı Salatası, FATİH, 1, Lezzetsiz ayrıca bir mide ağrısı yaptı sebebini bilmiyorum.
Balık Sarayı,  Gavurdağı Salatası, BAŞAK, 3,  pek lezletli değildi
Balık Sarayı,  Tarhana Çorbası, erdem, 3, tadı hiç güzel değildi, midemi bozdu.
Balık Sarayı,  Tarhana Çorbası, enes, 4, iyiydi
Balık Sarayı,  Tarhana Çorbası, BİRSEN, 4, Aldığı puanı hakediyor.
Balık Sarayı,  Sebze Çorbası, BARIŞ, 2, Malesef lezzetsizdi..
Balık Sarayı,  Sebze Çorbası, FATİH, 5, Süperdi bayıldım ellerinize sağlık yapan arkadaş çok güzel yapmış.
Balık Sarayı,  Sebze Çorbası, enes, 1, Rezalet, Çok kötü
Balık Sarayı,  Sebze Çorbası, BAŞAK, 4, Oldukça memnun kaldım.
Balık Sarayı,  Yoğurt Çorbası, EBRU, 2, Tadı berbattı
Balık Sarayı,  Yoğurt Çorbası, enes, 4, Bu işi biliyorsunuz.
Balık Sarayı,  Yoğurt Çorbası, BARIŞ, 4, Harikaydı.
Balık Sarayı,  Ayran, BARIŞ, 2,  Tekrar sipariş vermem.
Balık Sarayı,  Ayran, FATİH, 2,  buz gibiydi.
Balık Sarayı,  Ayran, BURCU, 4, Aldığı puanı hakediyor.
Evrim'in Mutfağı,  Zeytinyağlı Enginar, BARIŞ, 5, Çok güzeldi.
Evrim'in Mutfağı,  Zeytinyağlı Enginar, BAŞAK, 4, lezzetli ve hızlıydı teşekkürler.
Evrim'in Mutfağı,  Zeytinyağlı Enginar, EVRİM, 2, Malesef lezzetsizdi..
Evrim'in Mutfağı,  Zeytinyağlı Enginar, BİRSEN, 3, Doyurucu ve lezzetli.
Evrim'in Mutfağı,  Etli Patates, BİRSEN, 3,  pek lezletli değildi
Evrim'in Mutfağı,  Etli Patates, seyma, 2, Malesef lezzetsizdi..
Evrim'in Mutfağı,  Etli Patates, FATİH, 1, Aşırı yağlı.
Evrim'in Mutfağı,  Nohut Köftesi, BAŞAK, 1, Lezzet vasatti.
Evrim'in Mutfağı,  Nohut Köftesi, BURCU, 3, bence pek başarılı değil.
Evrim'in Mutfağı,  Nohut Köftesi, BİRSEN, 3, Beğendim.
Evrim'in Mutfağı,  Adana Kebap, FATİH, 5, Herşey çok güzeldi ellerinize sağlık.
Evrim'in Mutfağı,  Adana Kebap, BİRSEN, 2, hiç güzel değildi.
Evrim'in Mutfağı,  Adana Kebap, BURCU, 1, Çok kuruydu
Evrim'in Mutfağı,  Adana Kebap, EVRİM, 5, Çok başarılı, hızlı servis ve lezzetli. Tavsiye ediyorum.
Evrim'in Mutfağı,  Adana Kebap, BARIŞ, 1, Çöpe atmak zorunda kaldık
Evrim'in Mutfağı,  Alabalık, BAŞAK, 1,  Tuz oranı azaltılmalı.
Evrim'in Mutfağı,  Alabalık, EVRİM, 2, sipariş eksik gelmişti
Evrim'in Mutfağı,  Alabalık, FATİH, 3, Doyurucu ve lezzetli.
Evrim'in Mutfağı,  Çipura, EVRİM, 2, Beğenmedim özensizdi...
Evrim'in Mutfağı,  Çipura, FATİH, 5, çok taze ve güzeldi.
Evrim'in Mutfağı,  Çipura, EBRU, 3, Fiyat performans.
Evrim'in Mutfağı,  Çipura, enes, 4, Bütün lezzetler harikaydı diyebilirim.
Evrim'in Mutfağı,  Çipura, BARIŞ, 4,  Gayet güzel.
Evrim'in Mutfağı,  Mantı, EBRU, 5, Güzeldi.
Evrim'in Mutfağı,  Mantı, erdem, 2, Tadı berbattı
Evrim'in Mutfağı,  Mantı, FATİH, 5, Her şeyiyle ef-sa-ne. Daha iyisini henüz yemedim.
Evrim'in Mutfağı,  Mantı, BARIŞ, 3, Hiç önermiyorum.
Evrim'in Mutfağı,  Pide, EVRİM, 4, Aşırı güzeldi
Evrim'in Mutfağı,  Pide, BURCU, 4, Gayet başarılı.
Evrim'in Mutfağı,  Pide, BİRSEN, 5, Bu son siparişte kalbimi çaldınız
Evrim'in Mutfağı,  Pide, FATİH, 1, Çok kuruydu
Evrim'in Mutfağı,  Sebze Çorbası, BAŞAK, 5, Çok başarılı, hızlı servis ve lezzetli. Tavsiye ediyorum.
Evrim'in Mutfağı,  Sebze Çorbası, seyma, 3,  Gereksiz fazla pahalı.
Evrim'in Mutfağı,  Sebze Çorbası, enes, 5, Çok başarılı, hızlı servis ve lezzetli. Tavsiye ediyorum.
Evrim'in Mutfağı,  Sebze Çorbası, EVRİM, 5, Her şeyiyle ef-sa-ne. Daha iyisini henüz yemedim.
Evrim'in Mutfağı,  Tarhana Çorbası, EVRİM, 5, Harika tek kelimeyle.
Evrim'in Mutfağı,  Tarhana Çorbası, enes, 4, iyiydi
Evrim'in Mutfağı,  Tarhana Çorbası, EBRU, 4,  Gayet güzel.
Evrim'in Mutfağı,  Tarhana Çorbası, erdem, 1,  kötüydü yiyemedik.
Evrim'in Mutfağı,  Gavurdağı Salatası, EVRİM, 1,  Tuz oranı azaltılmalı.
Evrim'in Mutfağı,  Gavurdağı Salatası, BAŞAK, 4, Gayet başarılı.
Evrim'in Mutfağı,  Havuçlu Nuraniye Salatası, BAŞAK, 3, Fena değil.
Evrim'in Mutfağı,  Havuçlu Nuraniye Salatası, BARIŞ, 4, tadı görseli, paketlemesi iyiydi.
Evrim'in Mutfağı,  Havuçlu Nuraniye Salatası, erdem, 4, Tavsiye ederim.
Evrim'in Mutfağı,  Avokadolu Ton Balıklı Salata, seyma, 4, lezzetli ve hızlıydı teşekkürler.
Evrim'in Mutfağı,  Avokadolu Ton Balıklı Salata, BARIŞ, 2, yenmeyecek kadar kötü
Evrim'in Mutfağı,  Avokadolu Ton Balıklı Salata, FATİH, 2,  buz gibiydi.
Evrim'in Mutfağı,  Avokadolu Ton Balıklı Salata, BAŞAK, 2, Eski kalitenizi ariyorum gercekten.
Evrim'in Mutfağı,  Frambuazlı Cheesecake, BİRSEN, 2, tamamını yiyemedim bile:/
Evrim'in Mutfağı,  Frambuazlı Cheesecake, seyma, 4, iyiydi
Evrim'in Mutfağı,  Frambuazlı Cheesecake, BAŞAK, 5, çok taze ve güzeldi.
Evrim'in Mutfağı,  Havuçlu Kek, seyma, 1, Çöpe atmak zorunda kaldık
Evrim'in Mutfağı,  Havuçlu Kek, EVRİM, 1,  kötüydü yiyemedik.
Evrim'in Mutfağı,  Havuçlu Kek, BAŞAK, 1,  kötüydü yiyemedik.
Evrim'in Mutfağı,  Havuçlu Kek, EBRU, 5, Süperdi bayıldım ellerinize sağlık yapan arkadaş çok güzel yapmış.
Evrim'in Mutfağı,  Kakaolu Islak Kek, BURCU, 1, Rezalet, Çok kötü
Evrim'in Mutfağı,  Kakaolu Islak Kek, BAŞAK, 4, Aldığı puanı hakediyor.
Evrim'in Mutfağı,  Cupcake, seyma, 4,  taze ve çok lezzetliydi
Evrim'in Mutfağı,  Cupcake, EVRİM, 5, Çok güzeldi.
Evrim'in Mutfağı,  Cupcake, BİRSEN, 2, sipariş eksik gelmişti
Evrim'in Mutfağı,  Cupcake, FATİH, 3, Sıcak geldi
Evrim'in Mutfağı,  Cupcake, BARIŞ, 5, Bu son siparişte kalbimi çaldınız
Evrim'in Mutfağı,  Portakallı Kek, EVRİM, 5, Süperdi bayıldım ellerinize sağlık yapan arkadaş çok güzel yapmış.
Evrim'in Mutfağı,  Portakallı Kek, enes, 5, Süperdi bayıldım ellerinize sağlık yapan arkadaş çok güzel yapmış.
Evrim'in Mutfağı,  Portakallı Kek, EBRU, 2,  buz gibiydi.
Evrim'in Mutfağı,  Brownie, BURCU, 3,  Eskiden tadi daha iyiydi.
Evrim'in Mutfağı,  Brownie, EBRU, 3, Fena değil.
Evrim'in Mutfağı,  Brownie, BARIŞ, 3,  Gereksiz fazla pahalı.
Evrim'in Mutfağı,  Magnolia, BURCU, 2, yenmeyecek kadar kötü
Evrim'in Mutfağı,  Magnolia, BİRSEN, 4, Ankaranın en iyisi.
Evrim'in Mutfağı,  Magnolia, BARIŞ, 5,  Çok lezzetliydi ve porsiyon boldu.
Evrim'in Mutfağı,  Ayran, BAŞAK, 2, Eski kalitenizi ariyorum gercekten.
Evrim'in Mutfağı,  Ayran, enes, 3, Fiyat performans.
Evrim'in Mutfağı,  Ayran, BARIŞ, 2, çok yağlıydı
Evrim'in Mutfağı,  Ayran, FATİH, 4, Gayet başarılı.
Evrim'in Mutfağı,  Portakal Suyu, BAŞAK, 5, Mukemmel hizmet.
Evrim'in Mutfağı,  Portakal Suyu, seyma, 5, Güzeldi.
Evrim'in Mutfağı,  Portakal Suyu, enes,5,   buz gibiydi.
Evrim'in Mutfağı,  Portakal Suyu, erdem, 4, Oldukça memnun kaldım.
Evrim'in Mutfağı,  Portakal Suyu, BİRSEN, 5, Güzeldi.
Lezzethane,  Zeytinyağlı Enginar, EVRİM, 1, Çok lezzetsizdi
Lezzethane,  Zeytinyağlı Enginar, BARIŞ, 1, Aşırı yağlı.
Lezzethane,  Zeytinyağlı Enginar, enes, 2, Kuruydu ve lezzetsizdi.
Lezzethane,  Zeytinyağlı Enginar, erdem, 3,  Eskiden tadi daha iyiydi.
Lezzethane,  Etli Patates, EVRİM, 1,  kötüydü yiyemedik.
Lezzethane,  Etli Patates, BURCU, 5,  Çok lezzetliydi ve porsiyon boldu.
Lezzethane,  Etli Patates, BARIŞ, 1,  yiyemedik, rezillik...
Lezzethane,  Etli Patates, enes, 4, Lezzet beklentimin üstündeydi. Memnun kaldım.
Lezzethane,  Dürüm, BAŞAK, 2, Beğenmedim özensizdi...
Lezzethane,  Dürüm, BARIŞ, 3, Yemek güzeldi
Lezzethane,  Dürüm, BURCU, 2, Beğenmedim özensizdi...
Lezzethane,  Nohut Köftesi, FATİH, 2,  Tekrar sipariş vermem.
Lezzethane,  Nohut Köftesi, BAŞAK, 5,  Çok lezzetliydi ve porsiyon boldu.
Lezzethane,  Nohut Köftesi, erdem, 4, Gayet başarılı.
Lezzethane,  Nohut Köftesi, enes, 2,  buz gibiydi.
Lezzethane,  Nohut Köftesi, BİRSEN, 1, Aşırı yağlı.
Lezzethane,  Alabalık, seyma, 1, Aşırı yağlı.
Lezzethane,  Alabalık, BURCU, 4, Lezzet beklentimin üstündeydi. Memnun kaldım.
Lezzethane,  Alabalık, BAŞAK, 3,  Eskiden tadi daha iyiydi.
Lezzethane,  Mantı, BAŞAK, 2, Malesef lezzetsizdi..
Lezzethane,  Mantı, BİRSEN, 3, Fena değil.
Lezzethane,  Mantı, EBRU, 2, Malesef lezzetsizdi..
Lezzethane,  Hamsi, BAŞAK, 1, Bayattı mikro dalgada ısıtıp getirmişler.
Lezzethane,  Hamsi, enes, 5, Herşey çok güzeldi ellerinize sağlık.
Lezzethane,  Hamsi, erdem, 3, tadı hiç güzel değildi, midemi bozdu.
Lezzethane,  Hamsi, EBRU, 3, Doyurucu ve lezzetli.
Lezzethane,  Hamsi, seyma, 5, Mukemmel hizmet.
Lezzethane,  Yoğurt Çorbası, enes, 1, Aşırı yağlı.
Lezzethane,  Yoğurt Çorbası, EBRU, 1, Çöpe atmak zorunda kaldık
Lezzethane,  Yoğurt Çorbası, BURCU, 4, Tavsiye ederim.
Lezzethane,  Yoğurt Çorbası, FATİH, 2, acımsı bir tat vardı
Lezzethane,  Tarhana Çorbası, FATİH, 2, tamamını yiyemedim bile:/
Lezzethane,  Tarhana Çorbası, erdem, 3, Fiyat performans.
Lezzethane,  Tarhana Çorbası, BİRSEN, 3, Daha iyisi olabilirdi.
Lezzethane,  Tarhana Çorbası, seyma, 2,  buz gibiydi.
Lezzethane,  Havuçlu Nuraniye Salatası, BAŞAK, 3, bence pek başarılı değil.
Lezzethane,  Havuçlu Nuraniye Salatası, EBRU, 3, Fena değil.
Lezzethane,  Avokadolu Ton Balıklı Salata, BAŞAK, 3,  pek lezletli değildi
Lezzethane,  Avokadolu Ton Balıklı Salata, FATİH, 4, tadı görseli paketlemesi iyiydi.
Lezzethane,  Avokadolu Ton Balıklı Salata, BURCU, 1, Kötü
Lezzethane,  Avokadolu Ton Balıklı Salata, BARIŞ, 5, Çok güzeldi.
Lezzethane,  Şekerpare, erdem, 2, Tadı berbattı
Lezzethane,  Şekerpare, EVRİM, 1, Çok kötüydü
Lezzethane,  Şekerpare, BAŞAK, 1, Çöpe atmak zorunda kaldık
Lezzethane,  Alman Pastası, BURCU, 5, Herşey çok güzeldi ellerinize sağlık.
Lezzethane,  Alman Pastası, seyma, 1,  yiyemedik, rezillik...
Lezzethane,  Alman Pastası, EBRU, 4,  taze ve çok lezzetliydi
Lezzethane,  Alman Pastası, enes, 5, Herşey çok lezzetliydi ellerinize sağlık.
Lezzethane,  Cupcake, EBRU, 4, Lezzet beklentimin üstündeydi. Memnun kaldım.
Lezzethane,  Cupcake, BARIŞ, 5, Harika tek kelimeyle.
Lezzethane,  Cupcake, BURCU, 4,  taze ve çok lezzetliydi
Lezzethane,  Cupcake, BAŞAK, 3, Fena değil.
Lezzethane,  Cupcake, FATİH, 1, Bayattı mikro dalgada ısıtıp getirmişler.
Lezzethane,  Brownie, FATİH, 2, Beğenmedim özensizdi...
Lezzethane,  Brownie, BARIŞ, 2, Tadı berbattı
Lezzethane,  Brownie, EBRU, 4,  taze ve çok lezzetliydi
Lezzethane,  Dilim Pasta, erdem, 5, Ellerinize sağlık.
Lezzethane,  Dilim Pasta, BİRSEN, 5, Ellerinize sağlık.
Lezzethane,  Tiramisu, FATİH, 5, Herşey çok lezzetliydi ellerinize sağlık.
Lezzethane,  Tiramisu, seyma, 4, Gayet başarılı.
Lezzethane,  Tiramisu, BİRSEN, 2, çok yağlıydı
Lezzethane,  Tiramisu, EBRU, 3, Fena değil.
Lezzethane,  Sufle, FATİH, 4, Harikaydı.
Lezzethane,  Sufle, BAŞAK, 1, Bayattı mikro dalgada ısıtıp getirmişler.
Lezzethane,  Sufle, enes, 3, Fiyat performans.
Lezzethane,  Salep, EVRİM, 5, Harika tek kelimeyle.
Lezzethane,  Salep, seyma, 2, yenmeyecek kadar kötü
Lezzethane,  Türk Kahvesi, seyma, 5, çok taze ve güzeldi.
Lezzethane,  Türk Kahvesi, EBRU, 1, Tadı bir garip
Lezzethane,  Limonata, BURCU, 3, Sıcak geldi
Lezzethane,  Limonata, FATİH, 3, Fiyat/performans hoşuma gitmedi.
Cafe Botanica,  Karışık Pizza, SEVDA, 2, Beğenemedik.
Cafe Botanica,  Zeytinli Pizza, SEVDA, 2, Tavsiye etmiyorum.
Cafe Botanica,  Hamburger, SEVDA, 1, asiri kotuydu.
Çukurağa Sofrası, İskender, SEVDA, 3, bayattı
Masabaşı Kebapçısı, Adana Kebap, SEVDA, 2, Tuzssuzdu ve tuz yollanmamıştı.
Trilye, İskender, SEVDA, 1, Çok kalitesiz.
Aspava, Dana Rosto, SEVDA, 2, Tuzssuzdu ve tuz yollanmamıştı.
Kahveci Hacıbaba, Hamburger, SEVDA, 1, Tavsiye etmiyorum.
Butikek, Dil Peynirli Pizza, SEVDA, 2, sıradan ve soğuk.
Mevlana, İskender, SEVDA, 1, bayattı
Öz Yemek Sepeti, Dil Peynirli Pizza,SEVDA, 1, asiri kotuydu.
Çukurağa Sofrası, Kuru Fasulye, SEVDA, 4, Her zamanki gibi iyi.
Ciğerci Aytaç, Kuru Fasulye, SEVDA, 5, Çok başarılı.
Köz, Kuru Fasulye, SEVDA, 5, Teşekkürler.
Çukurağa Sofrası, Sebze Çorbası, SEVDA, 5, Güzeldi tekrar görüşürüz.
Çukurağa Sofrası, Yoğurt Çorbası, SEVDA, 4, Her zamanki gibi iyi.
Çukurağa Sofrası, Özbek Pilavı, SEVDA, 5, inanılmaz lezzetli.
Çukurağa Sofrası, Etli Ravioli, SEVDA, 4, Hızlı taze lezzetli geldi.
Çukurağa Sofrası, Etli Patates, SEVDA, 5, Her zamanki gibi harika.
Masabaşı Kebapçısı, Çipura, SEVDA, 5, inanılmaz lezzetli.
Cafe Des Cafes, Mantı, SEVDA, 5, Hızlı taze lezzetli geldi.
Cafe Des Cafes, Avokadolu Ton Balıklı Salata, SEVDA, 4,Güzeldi beğendik.
Cafe Des Cafes, Brokoli Salatası, SEVDA, 5, Her zamanki gibi harika.
Masabaşı Kebapçısı, Havuçlu Nuraniye Salatası, SEVDA, 4, salatası lezzetlidi özel sosu ekstra bir lezzet vermişti. Belki farkli sebze türleride eklene bilirdi.
Trilye, Hamsi, SEVDA, 4, Süperdi çok teşekkürler.
Trilye, Sebze Çorbası, SEVDA, 3, Güzel
Trilye, Avokadolu Ton Balıklı Salata, SEVDA, 5, Teşekkürler.
Trilye, Brokoli Salatası, SEVDA, 5, Süperdi çok teşekkürler.
Kahveci Hacıbaba, Avokadolu Ton Balıklı Salata, SEVDA, 4, Güzel ve lezzetli.
Mevlana, Yoğurt Çorbası, SEVDA, 5, Güzel ve lezzetli.
Cookshop, Havuçlu Nuraniye Salatası, SEVDA, 5, Süperdi çok teşekkürler.
